epoch;loss;lr;momentum
0;7.461699962615967;0.1;0.9
0;13.529314994812012;0.1;0.9
0;17.61041831970215;0.1;0.9
0;19.637977600097656;0.1;0.9
0;30.438018798828125;0.1;0.9
0;13.275672912597656;0.1;0.9
0;16.239273071289062;0.1;0.9
0;45.434207916259766;0.1;0.9
0;69.21296691894531;0.1;0.9
0;16.9250545501709;0.1;0.9
0;24.19379234313965;0.1;0.9
0;10.581355094909668;0.1;0.9
0;23.787866592407227;0.1;0.9
0;20.35079574584961;0.1;0.9
0;9.264573097229004;0.1;0.9
0;12.851627349853516;0.1;0.9
0;8.854866027832031;0.1;0.9
0;7.981767177581787;0.1;0.9
0;6.1197004318237305;0.1;0.9
0;6.711113452911377;0.1;0.9
0;6.189672946929932;0.1;0.9
0;13.310715675354004;0.1;0.9
0;7.7569475173950195;0.1;0.9
0;4.373932361602783;0.1;0.9
0;7.779629707336426;0.1;0.9
0;4.493777275085449;0.1;0.9
0;5.236815929412842;0.1;0.9
0;6.077840805053711;0.1;0.9
0;5.276783466339111;0.1;0.9
0;3.666315793991089;0.1;0.9
0;2.7092509269714355;0.1;0.9
0;3.9850597381591797;0.1;0.9
0;3.8097996711730957;0.1;0.9
0;2.5018420219421387;0.1;0.9
0;7.078370571136475;0.1;0.9
0;3.4559881687164307;0.1;0.9
0;2.655047655105591;0.1;0.9
0;2.8415565490722656;0.1;0.9
0;2.662476062774658;0.1;0.9
0;5.1992597579956055;0.1;0.9
0;2.425016403198242;0.1;0.9
0;2.9400906562805176;0.1;0.9
0;2.6002988815307617;0.1;0.9
0;3.195711135864258;0.1;0.9
0;3.6873326301574707;0.1;0.9
0;2.324824333190918;0.1;0.9
0;2.417509078979492;0.1;0.9
0;2.4214391708374023;0.1;0.9
0;3.0999152660369873;0.1;0.9
0;3.3577492237091064;0.1;0.9
0;2.4617385864257812;0.1;0.9
0;2.9547903537750244;0.1;0.9
0;2.407343626022339;0.1;0.9
0;2.604379177093506;0.1;0.9
0;2.4448537826538086;0.1;0.9
0;2.469306468963623;0.1;0.9
0;2.4136533737182617;0.1;0.9
0;2.6090142726898193;0.1;0.9
0;2.436192274093628;0.1;0.9
0;2.364011764526367;0.1;0.9
0;2.5634145736694336;0.1;0.9
0;2.4562838077545166;0.1;0.9
0;2.43601131439209;0.1;0.9
0;2.469496488571167;0.1;0.9
0;2.573770046234131;0.1;0.9
0;2.547757148742676;0.1;0.9
0;2.4557247161865234;0.1;0.9
0;2.2368276119232178;0.1;0.9
0;2.49658203125;0.1;0.9
0;2.5499930381774902;0.1;0.9
0;2.400421380996704;0.1;0.9
0;2.4254019260406494;0.1;0.9
0;2.380375385284424;0.1;0.9
0;2.3701021671295166;0.1;0.9
0;2.458761215209961;0.1;0.9
0;2.38968825340271;0.1;0.9
0;2.2336673736572266;0.1;0.9
0;2.138115406036377;0.1;0.9
0;2.1897168159484863;0.1;0.9
0;2.255484104156494;0.1;0.9
0;2.1789512634277344;0.1;0.9
0;2.3425211906433105;0.1;0.9
0;2.2080986499786377;0.1;0.9
0;2.0434255599975586;0.1;0.9
0;2.289945125579834;0.1;0.9
0;2.192392110824585;0.1;0.9
0;2.260403633117676;0.1;0.9
0;2.0667667388916016;0.1;0.9
0;2.1739954948425293;0.1;0.9
0;2.317392587661743;0.1;0.9
0;2.2729082107543945;0.1;0.9
0;2.3020927906036377;0.1;0.9
0;2.200312614440918;0.1;0.9
0;2.238119602203369;0.1;0.9
0;2.139314889907837;0.1;0.9
0;2.1878440380096436;0.1;0.9
0;2.078695297241211;0.1;0.9
0;2.236358642578125;0.1;0.9
0;2.20674729347229;0.1;0.9
0;2.0800232887268066;0.1;0.9
0;2.1263415813446045;0.1;0.9
0;2.249192237854004;0.1;0.9
0;1.9989641904830933;0.1;0.9
0;2.2530252933502197;0.1;0.9
0;2.373145580291748;0.1;0.9
0;1.9437167644500732;0.1;0.9
0;2.2148196697235107;0.1;0.9
0;2.2679619789123535;0.1;0.9
0;2.0561726093292236;0.1;0.9
0;2.297306776046753;0.1;0.9
0;2.1695969104766846;0.1;0.9
0;2.2230238914489746;0.1;0.9
0;2.186380386352539;0.1;0.9
0;2.076462745666504;0.1;0.9
0;2.1349992752075195;0.1;0.9
0;2.365917682647705;0.1;0.9
0;2.3169736862182617;0.1;0.9
0;2.0911459922790527;0.1;0.9
0;2.27077579498291;0.1;0.9
0;2.2622828483581543;0.1;0.9
0;2.1259188652038574;0.1;0.9
0;2.2538187503814697;0.1;0.9
0;2.304865598678589;0.1;0.9
0;2.1369271278381348;0.1;0.9
0;2.215820074081421;0.1;0.9
0;2.2661514282226562;0.1;0.9
0;2.2258384227752686;0.1;0.9
0;2.2700726985931396;0.1;0.9
0;2.312972068786621;0.1;0.9
0;2.2182774543762207;0.1;0.9
0;2.264259099960327;0.1;0.9
0;2.1958630084991455;0.1;0.9
0;2.372511863708496;0.1;0.9
0;2.1038968563079834;0.1;0.9
0;2.238813638687134;0.1;0.9
0;2.139343738555908;0.1;0.9
0;2.087385416030884;0.1;0.9
0;2.2836406230926514;0.1;0.9
0;2.2892463207244873;0.1;0.9
0;2.211784839630127;0.1;0.9
0;2.341331720352173;0.1;0.9
0;2.055676221847534;0.1;0.9
0;2.1282334327697754;0.1;0.9
0;2.056108236312866;0.1;0.9
0;2.022881031036377;0.1;0.9
0;2.1942758560180664;0.1;0.9
0;2.0026543140411377;0.1;0.9
0;2.3666348457336426;0.1;0.9
0;2.1278412342071533;0.1;0.9
0;2.15826678276062;0.1;0.9
0;1.9839403629302979;0.1;0.9
0;2.2088966369628906;0.1;0.9
0;2.182359218597412;0.1;0.9
0;2.115877389907837;0.1;0.9
0;2.195986032485962;0.1;0.9
0;2.1945877075195312;0.1;0.9
0;2.2175071239471436;0.1;0.9
0;2.1567955017089844;0.1;0.9
0;2.1969125270843506;0.1;0.9
0;2.1674692630767822;0.1;0.9
0;2.2436487674713135;0.1;0.9
0;2.0126044750213623;0.1;0.9
0;2.263963222503662;0.1;0.9
0;2.2408556938171387;0.1;0.9
0;2.158324718475342;0.1;0.9
0;2.0871541500091553;0.1;0.9
0;2.1019647121429443;0.1;0.9
0;2.134507417678833;0.1;0.9
0;2.074770927429199;0.1;0.9
0;2.0878703594207764;0.1;0.9
0;2.1847524642944336;0.1;0.9
0;2.0638012886047363;0.1;0.9
0;2.100257396697998;0.1;0.9
0;2.107058525085449;0.1;0.9
0;2.139622449874878;0.1;0.9
0;1.9965780973434448;0.1;0.9
0;1.9441899061203003;0.1;0.9
0;2.1758880615234375;0.1;0.9
0;2.2291951179504395;0.1;0.9
0;2.1377532482147217;0.1;0.9
0;2.235189914703369;0.1;0.9
0;2.166553497314453;0.1;0.9
0;2.1812584400177;0.1;0.9
0;2.05283260345459;0.1;0.9
0;2.0279762744903564;0.1;0.9
0;2.2490501403808594;0.1;0.9
0;2.3428707122802734;0.1;0.9
0;2.1369593143463135;0.1;0.9
0;2.0060956478118896;0.1;0.9
0;2.029512643814087;0.1;0.9
0;2.023031711578369;0.1;0.9
0;2.1292834281921387;0.1;0.9
0;2.2822964191436768;0.1;0.9
0;2.031358003616333;0.1;0.9
0;1.9903968572616577;0.1;0.9
0;2.1234869956970215;0.1;0.9
0;1.9943091869354248;0.1;0.9
0;2.0196526050567627;0.1;0.9
0;2.199289321899414;0.1;0.9
0;2.0693044662475586;0.1;0.9
0;2.2278993129730225;0.1;0.9
0;1.969291090965271;0.1;0.9
0;1.9307149648666382;0.1;0.9
0;2.118269681930542;0.1;0.9
0;1.9476252794265747;0.1;0.9
0;2.356262683868408;0.1;0.9
0;2.1189732551574707;0.1;0.9
0;2.1470818519592285;0.1;0.9
0;2.192405939102173;0.1;0.9
0;2.2604358196258545;0.1;0.9
0;2.098820209503174;0.1;0.9
0;2.1551172733306885;0.1;0.9
0;2.098217248916626;0.1;0.9
0;2.0934174060821533;0.1;0.9
0;2.0912771224975586;0.1;0.9
0;2.3427963256835938;0.1;0.9
0;1.9773001670837402;0.1;0.9
0;2.2384400367736816;0.1;0.9
0;2.219034433364868;0.1;0.9
0;1.9928457736968994;0.1;0.9
0;2.084627628326416;0.1;0.9
0;2.010746955871582;0.1;0.9
0;2.073143482208252;0.1;0.9
0;2.3456056118011475;0.1;0.9
0;2.214050769805908;0.1;0.9
0;2.17332124710083;0.1;0.9
0;2.094438314437866;0.1;0.9
0;1.9984246492385864;0.1;0.9
0;2.1016430854797363;0.1;0.9
0;2.3115594387054443;0.1;0.9
0;2.069824695587158;0.1;0.9
0;2.079808235168457;0.1;0.9
0;2.1941077709198;0.1;0.9
0;2.2488417625427246;0.1;0.9
0;2.0772905349731445;0.1;0.9
0;2.219682216644287;0.1;0.9
0;2.1716182231903076;0.1;0.9
0;2.022968053817749;0.1;0.9
0;2.1407625675201416;0.1;0.9
0;2.070711612701416;0.1;0.9
0;2.2718918323516846;0.1;0.9
0;2.1651551723480225;0.1;0.9
0;2.092331886291504;0.1;0.9
0;2.1765377521514893;0.1;0.9
0;1.9697588682174683;0.1;0.9
0;2.086440324783325;0.1;0.9
0;2.2773778438568115;0.1;0.9
0;2.225959300994873;0.1;0.9
0;2.1450693607330322;0.1;0.9
0;2.4424989223480225;0.1;0.9
0;2.0523481369018555;0.1;0.9
0;2.0378897190093994;0.1;0.9
0;2.2714624404907227;0.1;0.9
0;2.1152427196502686;0.1;0.9
0;2.218240261077881;0.1;0.9
0;2.012925863265991;0.1;0.9
0;2.265902519226074;0.1;0.9
0;2.106217861175537;0.1;0.9
0;2.1317756175994873;0.1;0.9
0;2.115314483642578;0.1;0.9
0;1.9963549375534058;0.1;0.9
0;2.0273427963256836;0.1;0.9
0;2.0749285221099854;0.1;0.9
0;2.204084634780884;0.1;0.9
0;1.9287097454071045;0.1;0.9
0;2.119985580444336;0.1;0.9
0;2.0058109760284424;0.1;0.9
0;2.2565789222717285;0.1;0.9
0;2.1827480792999268;0.1;0.9
0;2.0455996990203857;0.1;0.9
0;2.116983413696289;0.1;0.9
0;1.9562052488327026;0.1;0.9
0;2.0959792137145996;0.1;0.9
0;2.055523633956909;0.1;0.9
0;2.2707765102386475;0.1;0.9
0;2.0539348125457764;0.1;0.9
0;2.337869167327881;0.1;0.9
0;2.202396869659424;0.1;0.9
0;2.1437206268310547;0.1;0.9
0;2.105548620223999;0.1;0.9
0;2.2084057331085205;0.1;0.9
0;2.13946795463562;0.1;0.9
0;2.06577205657959;0.1;0.9
0;1.96317720413208;0.1;0.9
0;2.124553680419922;0.1;0.9
0;2.000995397567749;0.1;0.9
0;2.1329503059387207;0.1;0.9
0;2.061140537261963;0.1;0.9
0;2.1400790214538574;0.1;0.9
0;2.0231311321258545;0.1;0.9
0;1.9637197256088257;0.1;0.9
0;2.2487103939056396;0.1;0.9
0;2.180795431137085;0.1;0.9
0;2.0509872436523438;0.1;0.9
0;2.0323855876922607;0.1;0.9
0;1.9197601079940796;0.1;0.9
0;2.0572218894958496;0.1;0.9
0;2.1459317207336426;0.1;0.9
0;1.8923627138137817;0.1;0.9
0;2.113025188446045;0.1;0.9
0;2.1768550872802734;0.1;0.9
0;2.0401759147644043;0.1;0.9
0;2.084627628326416;0.1;0.9
0;1.900913953781128;0.1;0.9
0;2.129789113998413;0.1;0.9
0;2.1292905807495117;0.1;0.9
0;2.165443181991577;0.1;0.9
0;2.155447483062744;0.1;0.9
0;2.0358660221099854;0.1;0.9
0;2.1016170978546143;0.1;0.9
0;2.0170199871063232;0.1;0.9
0;2.0162923336029053;0.1;0.9
0;2.2163660526275635;0.1;0.9
0;2.075794219970703;0.1;0.9
0;1.9580156803131104;0.1;0.9
0;2.1525301933288574;0.1;0.9
0;1.9127510786056519;0.1;0.9
0;2.0981009006500244;0.1;0.9
0;1.8910678625106812;0.1;0.9
0;2.053452253341675;0.1;0.9
0;1.9239944219589233;0.1;0.9
0;2.051100969314575;0.1;0.9
0;2.003692150115967;0.1;0.9
0;2.1422173976898193;0.1;0.9
0;1.9736509323120117;0.1;0.9
0;1.8916436433792114;0.1;0.9
0;1.968144178390503;0.1;0.9
0;1.9823821783065796;0.1;0.9
0;2.0392568111419678;0.1;0.9
0;2.0174646377563477;0.1;0.9
0;1.9403899908065796;0.1;0.9
0;1.8764162063598633;0.1;0.9
0;1.8504091501235962;0.1;0.9
0;2.006108283996582;0.1;0.9
0;2.008580207824707;0.1;0.9
0;1.9644992351531982;0.1;0.9
0;2.0533182621002197;0.1;0.9
0;2.0354199409484863;0.1;0.9
0;1.9345067739486694;0.1;0.9
0;1.9713221788406372;0.1;0.9
0;2.1089413166046143;0.1;0.9
0;2.04581618309021;0.1;0.9
0;1.9765369892120361;0.1;0.9
0;2.1208090782165527;0.1;0.9
0;2.006920576095581;0.1;0.9
0;1.8748998641967773;0.1;0.9
0;1.9995414018630981;0.1;0.9
0;2.0529725551605225;0.1;0.9
0;1.910111427307129;0.1;0.9
0;1.926822304725647;0.1;0.9
0;2.124021291732788;0.1;0.9
0;2.0312340259552;0.1;0.9
0;1.9260435104370117;0.1;0.9
0;2.097407341003418;0.1;0.9
0;1.9643077850341797;0.1;0.9
0;1.9354501962661743;0.1;0.9
0;1.9880284070968628;0.1;0.9
0;2.0809712409973145;0.1;0.9
0;1.9747740030288696;0.1;0.9
0;2.1194214820861816;0.1;0.9
0;1.9935280084609985;0.1;0.9
0;1.7331980466842651;0.1;0.9
0;1.9761954545974731;0.1;0.9
0;1.9748508930206299;0.1;0.9
0;1.8152811527252197;0.1;0.9
0;1.8865315914154053;0.1;0.9
0;2.123919725418091;0.1;0.9
0;2.0243282318115234;0.1;0.9
0;1.7254976034164429;0.1;0.9
0;1.9518523216247559;0.1;0.9
0;1.735787272453308;0.1;0.9
0;2.04605770111084;0.1;0.9
0;2.26479434967041;0.1;0.9
0;1.8639130592346191;0.1;0.9
0;1.9449092149734497;0.1;0.9
0;1.9260778427124023;0.1;0.9
0;2.0021162033081055;0.1;0.9
0;1.920912742614746;0.1;0.9
0;2.0124707221984863;0.1;0.9
0;2.027296304702759;0.1;0.9
0;1.820432424545288;0.1;0.9
0;1.9700126647949219;0.1;0.9
0;1.9944766759872437;0.1;0.9
0;1.8397563695907593;0.1;0.9
0;1.924023985862732;0.1;0.9
0;1.9199573993682861;0.1;0.9
0;1.980638861656189;0.1;0.9
0;2.119420289993286;0.1;0.9
0;2.1146507263183594;0.1;0.9
0;2.01277756690979;0.1;0.9
0;2.048863172531128;0.1;0.9
0;2.125258684158325;0.1;0.9
0;2.1120059490203857;0.1;0.9
0;2.141098737716675;0.1;0.9
0;2.1672236919403076;0.1;0.9
0;1.9992454051971436;0.1;0.9
0;1.9235095977783203;0.1;0.9
0;2.122323989868164;0.1;0.9
0;1.8046802282333374;0.1;0.9
0;1.9441659450531006;0.1;0.9
0;1.964431881904602;0.1;0.9
0;2.0280323028564453;0.1;0.9
0;1.9178645610809326;0.1;0.9
0;1.7826040983200073;0.1;0.9
0;2.017977476119995;0.1;0.9
0;1.84159255027771;0.1;0.9
0;1.9783875942230225;0.1;0.9
0;1.8258088827133179;0.1;0.9
0;1.8101080656051636;0.1;0.9
0;1.9289932250976562;0.1;0.9
0;2.01486873626709;0.1;0.9
0;1.8546513319015503;0.1;0.9
0;2.1035945415496826;0.1;0.9
0;1.9830970764160156;0.1;0.9
0;1.8323460817337036;0.1;0.9
0;1.938552737236023;0.1;0.9
0;1.9821672439575195;0.1;0.9
0;1.9124597311019897;0.1;0.9
0;1.9897692203521729;0.1;0.9
0;1.9283075332641602;0.1;0.9
0;2.0461394786834717;0.1;0.9
0;1.9623311758041382;0.1;0.9
0;2.141326904296875;0.1;0.9
0;2.0291130542755127;0.1;0.9
0;1.91232430934906;0.1;0.9
0;1.9559308290481567;0.1;0.9
0;1.9243532419204712;0.1;0.9
0;2.0035319328308105;0.1;0.9
0;1.9765100479125977;0.1;0.9
0;1.9884867668151855;0.1;0.9
0;1.9851981401443481;0.1;0.9
0;2.0043981075286865;0.1;0.9
0;1.9440490007400513;0.1;0.9
0;1.850714087486267;0.1;0.9
0;2.0248072147369385;0.1;0.9
0;1.995195746421814;0.1;0.9
0;1.905521035194397;0.1;0.9
0;1.9971253871917725;0.1;0.9
0;1.9261603355407715;0.1;0.9
0;2.013869285583496;0.1;0.9
0;2.130746364593506;0.1;0.9
0;1.895387887954712;0.1;0.9
0;2.0002734661102295;0.1;0.9
0;1.9102227687835693;0.1;0.9
0;1.994332194328308;0.1;0.9
0;1.8911806344985962;0.1;0.9
0;1.9594820737838745;0.1;0.9
0;1.8843778371810913;0.1;0.9
0;1.9811952114105225;0.1;0.9
0;1.8555532693862915;0.1;0.9
0;1.960651159286499;0.1;0.9
0;1.8103604316711426;0.1;0.9
0;1.8668936491012573;0.1;0.9
0;1.9610989093780518;0.1;0.9
0;1.867268681526184;0.1;0.9
0;1.8407318592071533;0.1;0.9
0;1.9981850385665894;0.1;0.9
0;1.8759301900863647;0.1;0.9
0;1.9531757831573486;0.1;0.9
0;1.7431608438491821;0.1;0.9
0;1.8662989139556885;0.1;0.9
0;1.9475975036621094;0.1;0.9
0;1.8137383460998535;0.1;0.9
0;1.9661494493484497;0.1;0.9
0;1.7436519861221313;0.1;0.9
0;1.8864712715148926;0.1;0.9
0;1.8598320484161377;0.1;0.9
0;1.671160340309143;0.1;0.9
0;1.7680623531341553;0.1;0.9
0;1.9879504442214966;0.1;0.9
0;1.9908446073532104;0.1;0.9
0;2.1249125003814697;0.1;0.9
0;1.8712540864944458;0.1;0.9
0;2.111419439315796;0.1;0.9
0;1.7644355297088623;0.1;0.9
0;2.071647882461548;0.1;0.9
0;1.7432293891906738;0.1;0.9
0;1.8926324844360352;0.1;0.9
0;2.0791244506835938;0.1;0.9
0;1.8155807256698608;0.1;0.9
0;1.989838719367981;0.1;0.9
0;1.9249804019927979;0.1;0.9
0;1.8036025762557983;0.1;0.9
0;1.895677924156189;0.1;0.9
0;1.9203383922576904;0.1;0.9
0;1.757132887840271;0.1;0.9
0;1.907966136932373;0.1;0.9
0;2.0525150299072266;0.1;0.9
0;1.7936187982559204;0.1;0.9
0;1.8198951482772827;0.1;0.9
0;1.9498034715652466;0.1;0.9
0;2.065647602081299;0.1;0.9
0;1.791932463645935;0.1;0.9
0;1.8994040489196777;0.1;0.9
0;1.968481421470642;0.1;0.9
0;1.9160667657852173;0.1;0.9
0;1.9419569969177246;0.1;0.9
0;1.8270981311798096;0.1;0.9
0;1.9680920839309692;0.1;0.9
0;1.917911171913147;0.1;0.9
0;2.05716609954834;0.1;0.9
0;1.8947970867156982;0.1;0.9
0;1.913896083831787;0.1;0.9
0;1.8853687047958374;0.1;0.9
0;1.7261993885040283;0.1;0.9
0;1.801918625831604;0.1;0.9
0;1.8713256120681763;0.1;0.9
0;1.7513056993484497;0.1;0.9
0;1.7789368629455566;0.1;0.9
0;1.851074457168579;0.1;0.9
0;1.9856466054916382;0.1;0.9
0;1.887008547782898;0.1;0.9
0;2.123842477798462;0.1;0.9
0;1.8110904693603516;0.1;0.9
0;1.9783928394317627;0.1;0.9
0;1.7129451036453247;0.1;0.9
0;2.0665388107299805;0.1;0.9
0;1.9279158115386963;0.1;0.9
0;1.7902565002441406;0.1;0.9
0;1.91436767578125;0.1;0.9
0;1.9831656217575073;0.1;0.9
0;1.9145004749298096;0.1;0.9
0;1.826278567314148;0.1;0.9
0;1.9285751581192017;0.1;0.9
0;1.7962820529937744;0.1;0.9
0;2.1101503372192383;0.1;0.9
0;1.9850660562515259;0.1;0.9
0;1.888480544090271;0.1;0.9
0;1.8782202005386353;0.1;0.9
0;1.8187953233718872;0.1;0.9
0;1.8586751222610474;0.1;0.9
0;1.9170396327972412;0.1;0.9
0;1.902775764465332;0.1;0.9
0;1.7876731157302856;0.1;0.9
0;1.8106865882873535;0.1;0.9
0;1.7743953466415405;0.1;0.9
0;1.9237416982650757;0.1;0.9
0;1.8483705520629883;0.1;0.9
0;1.8056154251098633;0.1;0.9
0;1.8887499570846558;0.1;0.9
0;1.7374134063720703;0.1;0.9
0;1.8365190029144287;0.1;0.9
0;1.8509886264801025;0.1;0.9
0;1.7313778400421143;0.1;0.9
0;1.9476267099380493;0.1;0.9
0;1.7465143203735352;0.1;0.9
0;1.9366040229797363;0.1;0.9
0;1.8555344343185425;0.1;0.9
0;1.8028573989868164;0.1;0.9
0;1.9812227487564087;0.1;0.9
0;1.7306442260742188;0.1;0.9
0;1.9729968309402466;0.1;0.9
0;1.7459444999694824;0.1;0.9
0;1.801505208015442;0.1;0.9
0;1.937148094177246;0.1;0.9
0;1.7291195392608643;0.1;0.9
0;1.8950347900390625;0.1;0.9
0;1.7202457189559937;0.1;0.9
0;1.8422110080718994;0.1;0.9
0;1.8894095420837402;0.1;0.9
0;1.6690412759780884;0.1;0.9
0;1.8306851387023926;0.1;0.9
0;1.952479600906372;0.1;0.9
0;1.9813573360443115;0.1;0.9
0;1.7720589637756348;0.1;0.9
0;1.9440099000930786;0.1;0.9
0;1.8387446403503418;0.1;0.9
0;1.9913886785507202;0.1;0.9
0;1.763900876045227;0.1;0.9
0;1.7930474281311035;0.1;0.9
0;1.7180544137954712;0.1;0.9
0;1.6904436349868774;0.1;0.9
0;1.6590858697891235;0.1;0.9
0;1.8024870157241821;0.1;0.9
0;1.6993927955627441;0.1;0.9
0;1.8421401977539062;0.1;0.9
0;1.7215807437896729;0.1;0.9
0;1.9837796688079834;0.1;0.9
0;1.7990785837173462;0.1;0.9
0;2.0362634658813477;0.1;0.9
0;1.929919958114624;0.1;0.9
0;1.8961758613586426;0.1;0.9
0;1.7992602586746216;0.1;0.9
0;1.9209915399551392;0.1;0.9
0;2.0705974102020264;0.1;0.9
0;1.8154466152191162;0.1;0.9
0;1.8899967670440674;0.1;0.9
0;1.6570543050765991;0.1;0.9
0;1.929875135421753;0.1;0.9
0;1.852167010307312;0.1;0.9
0;2.0140864849090576;0.1;0.9
0;1.7593578100204468;0.1;0.9
0;1.9609140157699585;0.1;0.9
0;1.9234397411346436;0.1;0.9
0;1.9294642210006714;0.1;0.9
0;1.8709938526153564;0.1;0.9
0;1.7771611213684082;0.1;0.9
0;1.8693112134933472;0.1;0.9
0;1.994182825088501;0.1;0.9
0;2.077216148376465;0.1;0.9
0;1.9473270177841187;0.1;0.9
0;1.7385332584381104;0.1;0.9
0;1.6262296438217163;0.1;0.9
0;1.847035527229309;0.1;0.9
0;1.9718317985534668;0.1;0.9
0;1.7480231523513794;0.1;0.9
0;1.7053115367889404;0.1;0.9
0;1.6486406326293945;0.1;0.9
0;1.757516622543335;0.1;0.9
0;1.8036296367645264;0.1;0.9
0;1.7464251518249512;0.1;0.9
0;1.7609171867370605;0.1;0.9
0;2.004628896713257;0.1;0.9
0;1.7364202737808228;0.1;0.9
0;1.8247960805892944;0.1;0.9
0;1.7647050619125366;0.1;0.9
0;1.8189797401428223;0.1;0.9
0;2.0282626152038574;0.1;0.9
0;1.8284951448440552;0.1;0.9
0;1.8854379653930664;0.1;0.9
0;1.690344214439392;0.1;0.9
0;1.848939061164856;0.1;0.9
0;1.6652249097824097;0.1;0.9
0;1.7806440591812134;0.1;0.9
0;1.8266280889511108;0.1;0.9
0;1.5885844230651855;0.1;0.9
0;1.8140605688095093;0.1;0.9
0;1.8146531581878662;0.1;0.9
0;1.9808591604232788;0.1;0.9
0;1.6638760566711426;0.1;0.9
0;1.831055998802185;0.1;0.9
0;1.8973546028137207;0.1;0.9
0;1.8165053129196167;0.1;0.9
0;1.5314195156097412;0.1;0.9
0;1.6624552011489868;0.1;0.9
0;1.6526590585708618;0.1;0.9
0;1.971653938293457;0.1;0.9
0;1.8741658926010132;0.1;0.9
0;1.9629632234573364;0.1;0.9
0;1.9270416498184204;0.1;0.9
0;1.9174118041992188;0.1;0.9
0;1.9137459993362427;0.1;0.9
0;1.8314532041549683;0.1;0.9
0;1.7279492616653442;0.1;0.9
0;2.1470987796783447;0.1;0.9
0;1.888750672340393;0.1;0.9
0;1.7503079175949097;0.1;0.9
0;1.7658731937408447;0.1;0.9
0;1.9144277572631836;0.1;0.9
0;1.7490692138671875;0.1;0.9
0;1.7823337316513062;0.1;0.9
0;1.8674430847167969;0.1;0.9
0;1.7002944946289062;0.1;0.9
0;1.7122455835342407;0.1;0.9
0;1.7452690601348877;0.1;0.9
0;1.7111766338348389;0.1;0.9
0;2.0412559509277344;0.1;0.9
0;1.7201679944992065;0.1;0.9
0;2.0253806114196777;0.1;0.9
0;1.6539667844772339;0.1;0.9
0;1.7711113691329956;0.1;0.9
0;1.738770604133606;0.1;0.9
0;1.5953307151794434;0.1;0.9
0;1.6173020601272583;0.1;0.9
0;2.144745349884033;0.1;0.9
0;1.940048098564148;0.1;0.9
0;1.7496542930603027;0.1;0.9
0;1.7584452629089355;0.1;0.9
0;1.8091349601745605;0.1;0.9
0;1.8034969568252563;0.1;0.9
0;1.807076096534729;0.1;0.9
0;1.728182315826416;0.1;0.9
0;1.681093454360962;0.1;0.9
0;1.8825124502182007;0.1;0.9
0;1.615119457244873;0.1;0.9
0;1.8137273788452148;0.1;0.9
0;1.8190433979034424;0.1;0.9
0;1.6560463905334473;0.1;0.9
0;1.817568063735962;0.1;0.9
0;1.8581037521362305;0.1;0.9
0;1.774763584136963;0.1;0.9
0;1.6685142517089844;0.1;0.9
0;1.9077914953231812;0.1;0.9
0;1.7484545707702637;0.1;0.9
0;1.8463902473449707;0.1;0.9
0;1.9483309984207153;0.1;0.9
0;1.6740976572036743;0.1;0.9
0;1.5347715616226196;0.1;0.9
0;1.7414658069610596;0.1;0.9
0;1.8003835678100586;0.1;0.9
0;1.8380757570266724;0.1;0.9
0;1.8623806238174438;0.1;0.9
0;1.8729214668273926;0.1;0.9
0;1.6586909294128418;0.1;0.9
0;1.852410912513733;0.1;0.9
0;1.8025610446929932;0.1;0.9
0;1.6671321392059326;0.1;0.9
0;1.8019623756408691;0.1;0.9
0;1.7669843435287476;0.1;0.9
0;1.724494457244873;0.1;0.9
0;1.7949196100234985;0.1;0.9
0;1.722130298614502;0.1;0.9
0;1.759549617767334;0.1;0.9
0;1.7749762535095215;0.1;0.9
0;1.6714365482330322;0.1;0.9
0;1.9137953519821167;0.1;0.9
0;1.5552277565002441;0.1;0.9
0;1.7908718585968018;0.1;0.9
0;1.7886919975280762;0.1;0.9
0;1.6944400072097778;0.1;0.9
0;1.828345775604248;0.1;0.9
0;1.656163215637207;0.1;0.9
0;1.6833163499832153;0.1;0.9
0;1.7001720666885376;0.1;0.9
0;1.6770153045654297;0.1;0.9
0;1.855755090713501;0.1;0.9
0;1.639648675918579;0.1;0.9
0;1.8449434041976929;0.1;0.9
0;1.5500448942184448;0.1;0.9
0;1.8716009855270386;0.1;0.9
0;1.797245979309082;0.1;0.9
0;1.6835355758666992;0.1;0.9
0;1.6109843254089355;0.1;0.9
0;1.9389369487762451;0.1;0.9
0;1.8994426727294922;0.1;0.9
0;1.6803302764892578;0.1;0.9
0;1.851832628250122;0.1;0.9
0;1.8332858085632324;0.1;0.9
0;1.6906907558441162;0.1;0.9
0;2.052496910095215;0.1;0.9
0;1.7831412553787231;0.1;0.9
0;1.7235270738601685;0.1;0.9
0;1.8581892251968384;0.1;0.9
0;1.9955300092697144;0.1;0.9
0;1.6823729276657104;0.1;0.9
0;1.8260095119476318;0.1;0.9
0;1.684529185295105;0.1;0.9
0;1.6333848237991333;0.1;0.9
0;1.6631096601486206;0.1;0.9
0;1.5950288772583008;0.1;0.9
0;1.7524759769439697;0.1;0.9
0;1.8199275732040405;0.1;0.9
0;1.8433812856674194;0.1;0.9
0;1.7254071235656738;0.1;0.9
0;1.560786485671997;0.1;0.9
0;1.815978765487671;0.1;0.9
0;1.8765124082565308;0.1;0.9
0;1.9673230648040771;0.1;0.9
0;1.9519795179367065;0.1;0.9
0;1.589867353439331;0.1;0.9
0;2.14882230758667;0.1;0.9
0;1.9537714719772339;0.1;0.9
0;1.7355942726135254;0.1;0.9
0;1.820358157157898;0.1;0.9
0;1.7667268514633179;0.1;0.9
0;1.72565758228302;0.1;0.9
0;1.9026564359664917;0.1;0.9
0;1.677917718887329;0.1;0.9
0;1.8030890226364136;0.1;0.9
0;1.7709734439849854;0.1;0.9
0;1.7083065509796143;0.1;0.9
0;1.7654342651367188;0.1;0.9
0;1.738102912902832;0.1;0.9
0;1.6194626092910767;0.1;0.9
0;1.7039560079574585;0.1;0.9
0;1.943975567817688;0.1;0.9
0;1.734226107597351;0.1;0.9
0;1.7316771745681763;0.1;0.9
0;1.5556210279464722;0.1;0.9
0;1.693888783454895;0.1;0.9
0;1.9597238302230835;0.1;0.9
0;1.531803846359253;0.1;0.9
0;1.7021664381027222;0.1;0.9
0;1.65409517288208;0.1;0.9
0;1.68648362159729;0.1;0.9
0;1.6145453453063965;0.1;0.9
0;1.9194613695144653;0.1;0.9
0;1.6236387491226196;0.1;0.9
0;1.6211624145507812;0.1;0.9
0;1.851253628730774;0.1;0.9
0;1.7744567394256592;0.1;0.9
0;2.684595823287964;0.1;0.9
1;1.8251110315322876;0.1;0.9
1;1.5888341665267944;0.1;0.9
1;1.8481875658035278;0.1;0.9
1;1.6131491661071777;0.1;0.9
1;1.6979633569717407;0.1;0.9
1;1.8735055923461914;0.1;0.9
1;1.8337104320526123;0.1;0.9
1;1.8564363718032837;0.1;0.9
1;1.679089069366455;0.1;0.9
1;1.789832592010498;0.1;0.9
1;1.9312729835510254;0.1;0.9
1;1.8094924688339233;0.1;0.9
1;1.879217267036438;0.1;0.9
1;1.9173866510391235;0.1;0.9
1;1.7878590822219849;0.1;0.9
1;1.6422160863876343;0.1;0.9
1;1.633338451385498;0.1;0.9
1;1.5487104654312134;0.1;0.9
1;1.8139716386795044;0.1;0.9
1;1.8418315649032593;0.1;0.9
1;1.9965466260910034;0.1;0.9
1;1.5469615459442139;0.1;0.9
1;1.6731431484222412;0.1;0.9
1;1.9689321517944336;0.1;0.9
1;1.7544641494750977;0.1;0.9
1;1.6276652812957764;0.1;0.9
1;1.8487703800201416;0.1;0.9
1;1.7062904834747314;0.1;0.9
1;1.8106732368469238;0.1;0.9
1;1.7658147811889648;0.1;0.9
1;1.7814017534255981;0.1;0.9
1;2.071911334991455;0.1;0.9
1;1.7549867630004883;0.1;0.9
1;1.6380839347839355;0.1;0.9
1;1.6717267036437988;0.1;0.9
1;1.8472446203231812;0.1;0.9
1;1.7987266778945923;0.1;0.9
1;1.8295016288757324;0.1;0.9
1;1.624294638633728;0.1;0.9
1;1.8270601034164429;0.1;0.9
1;1.5795878171920776;0.1;0.9
1;1.6529712677001953;0.1;0.9
1;1.8314476013183594;0.1;0.9
1;1.8825863599777222;0.1;0.9
1;1.5636513233184814;0.1;0.9
1;1.4911123514175415;0.1;0.9
1;1.8576468229293823;0.1;0.9
1;1.7147983312606812;0.1;0.9
1;1.9006481170654297;0.1;0.9
1;1.9622117280960083;0.1;0.9
1;1.5960758924484253;0.1;0.9
1;1.6545042991638184;0.1;0.9
1;1.8162732124328613;0.1;0.9
1;1.9267854690551758;0.1;0.9
1;1.6230740547180176;0.1;0.9
1;1.646471381187439;0.1;0.9
1;1.820643663406372;0.1;0.9
1;1.7612948417663574;0.1;0.9
1;1.3927631378173828;0.1;0.9
1;1.6643049716949463;0.1;0.9
1;1.7496386766433716;0.1;0.9
1;1.8402408361434937;0.1;0.9
1;1.8042100667953491;0.1;0.9
1;1.7051019668579102;0.1;0.9
1;1.7928022146224976;0.1;0.9
1;1.6264898777008057;0.1;0.9
1;1.8601168394088745;0.1;0.9
1;1.6599555015563965;0.1;0.9
1;1.522236704826355;0.1;0.9
1;1.476723551750183;0.1;0.9
1;1.9564223289489746;0.1;0.9
1;1.6167068481445312;0.1;0.9
1;1.6426070928573608;0.1;0.9
1;1.6788926124572754;0.1;0.9
1;1.7457131147384644;0.1;0.9
1;1.8915642499923706;0.1;0.9
1;1.7502399682998657;0.1;0.9
1;1.819724678993225;0.1;0.9
1;1.6082009077072144;0.1;0.9
1;1.9761744737625122;0.1;0.9
1;1.750643014907837;0.1;0.9
1;1.7917677164077759;0.1;0.9
1;1.7758971452713013;0.1;0.9
1;1.6766631603240967;0.1;0.9
1;1.7374777793884277;0.1;0.9
1;1.826964259147644;0.1;0.9
1;1.767497181892395;0.1;0.9
1;1.3630503416061401;0.1;0.9
1;1.6580473184585571;0.1;0.9
1;1.8277690410614014;0.1;0.9
1;1.8627687692642212;0.1;0.9
1;1.5994329452514648;0.1;0.9
1;1.6664748191833496;0.1;0.9
1;1.5074422359466553;0.1;0.9
1;1.6323424577713013;0.1;0.9
1;1.61652410030365;0.1;0.9
1;1.6211566925048828;0.1;0.9
1;1.736843228340149;0.1;0.9
1;1.695721983909607;0.1;0.9
1;1.6359009742736816;0.1;0.9
1;1.6892787218093872;0.1;0.9
1;1.7559640407562256;0.1;0.9
1;1.5434566736221313;0.1;0.9
1;1.7076835632324219;0.1;0.9
1;1.9573405981063843;0.1;0.9
1;1.4904824495315552;0.1;0.9
1;1.7234500646591187;0.1;0.9
1;1.8342005014419556;0.1;0.9
1;1.568450689315796;0.1;0.9
1;1.8357943296432495;0.1;0.9
1;1.6421281099319458;0.1;0.9
1;1.883410930633545;0.1;0.9
1;1.567470669746399;0.1;0.9
1;1.523014783859253;0.1;0.9
1;1.7055336236953735;0.1;0.9
1;1.8016010522842407;0.1;0.9
1;1.6789382696151733;0.1;0.9
1;1.7533692121505737;0.1;0.9
1;1.729274034500122;0.1;0.9
1;1.8798432350158691;0.1;0.9
1;1.675714373588562;0.1;0.9
1;1.623902678489685;0.1;0.9
1;1.6966922283172607;0.1;0.9
1;1.7608540058135986;0.1;0.9
1;1.8403053283691406;0.1;0.9
1;1.8004595041275024;0.1;0.9
1;1.704674243927002;0.1;0.9
1;1.6133524179458618;0.1;0.9
1;1.7642309665679932;0.1;0.9
1;1.620333194732666;0.1;0.9
1;1.8766194581985474;0.1;0.9
1;1.6508970260620117;0.1;0.9
1;1.8325961828231812;0.1;0.9
1;1.3933117389678955;0.1;0.9
1;1.8061403036117554;0.1;0.9
1;1.405443549156189;0.1;0.9
1;1.6924782991409302;0.1;0.9
1;1.8063709735870361;0.1;0.9
1;1.6932439804077148;0.1;0.9
1;1.7804421186447144;0.1;0.9
1;1.9356411695480347;0.1;0.9
1;1.6808555126190186;0.1;0.9
1;1.6609503030776978;0.1;0.9
1;1.5861642360687256;0.1;0.9
1;1.5914260149002075;0.1;0.9
1;1.6940600872039795;0.1;0.9
1;1.5809673070907593;0.1;0.9
1;1.9291118383407593;0.1;0.9
1;1.5893731117248535;0.1;0.9
1;1.6091316938400269;0.1;0.9
1;1.6644783020019531;0.1;0.9
1;1.8687644004821777;0.1;0.9
1;1.836801290512085;0.1;0.9
1;1.7048979997634888;0.1;0.9
1;1.736229419708252;0.1;0.9
1;1.6947252750396729;0.1;0.9
1;1.7732656002044678;0.1;0.9
1;1.618533968925476;0.1;0.9
1;1.7317112684249878;0.1;0.9
1;1.9849263429641724;0.1;0.9
1;1.8622304201126099;0.1;0.9
1;1.5953353643417358;0.1;0.9
1;1.7107964754104614;0.1;0.9
1;1.8862513303756714;0.1;0.9
1;1.7411795854568481;0.1;0.9
1;1.8426322937011719;0.1;0.9
1;1.6981450319290161;0.1;0.9
1;1.549847960472107;0.1;0.9
1;1.616534948348999;0.1;0.9
1;1.5195282697677612;0.1;0.9
1;1.7664146423339844;0.1;0.9
1;1.531003713607788;0.1;0.9
1;1.7941769361495972;0.1;0.9
1;1.7766481637954712;0.1;0.9
1;1.5511785745620728;0.1;0.9
1;1.6255377531051636;0.1;0.9
1;1.5526373386383057;0.1;0.9
1;1.762266755104065;0.1;0.9
1;1.7770413160324097;0.1;0.9
1;1.6933579444885254;0.1;0.9
1;1.5032519102096558;0.1;0.9
1;1.5138130187988281;0.1;0.9
1;1.6536552906036377;0.1;0.9
1;1.5793088674545288;0.1;0.9
1;1.7200493812561035;0.1;0.9
1;1.9552898406982422;0.1;0.9
1;1.6639153957366943;0.1;0.9
1;1.8256585597991943;0.1;0.9
1;1.5754196643829346;0.1;0.9
1;1.6237810850143433;0.1;0.9
1;1.4509087800979614;0.1;0.9
1;1.7333511114120483;0.1;0.9
1;1.9916439056396484;0.1;0.9
1;1.649057388305664;0.1;0.9
1;1.6035863161087036;0.1;0.9
1;1.7018144130706787;0.1;0.9
1;1.6182023286819458;0.1;0.9
1;1.508331060409546;0.1;0.9
1;1.856231451034546;0.1;0.9
1;1.9184490442276;0.1;0.9
1;1.5796622037887573;0.1;0.9
1;1.7501660585403442;0.1;0.9
1;1.5957372188568115;0.1;0.9
1;1.8344248533248901;0.1;0.9
1;1.6593379974365234;0.1;0.9
1;1.779473900794983;0.1;0.9
1;1.6192858219146729;0.1;0.9
1;2.02082896232605;0.1;0.9
1;1.6442718505859375;0.1;0.9
1;1.8180865049362183;0.1;0.9
1;1.5477548837661743;0.1;0.9
1;1.7165518999099731;0.1;0.9
1;1.7097991704940796;0.1;0.9
1;1.6812032461166382;0.1;0.9
1;1.59110426902771;0.1;0.9
1;1.6189765930175781;0.1;0.9
1;1.5939059257507324;0.1;0.9
1;1.5195063352584839;0.1;0.9
1;1.567369818687439;0.1;0.9
1;1.6556050777435303;0.1;0.9
1;1.6972863674163818;0.1;0.9
1;1.6168380975723267;0.1;0.9
1;1.579590916633606;0.1;0.9
1;1.8072749376296997;0.1;0.9
1;1.7381892204284668;0.1;0.9
1;1.6727944612503052;0.1;0.9
1;1.5991164445877075;0.1;0.9
1;1.544593095779419;0.1;0.9
1;1.7329508066177368;0.1;0.9
1;1.7831785678863525;0.1;0.9
1;1.726016640663147;0.1;0.9
1;1.599745512008667;0.1;0.9
1;1.6242388486862183;0.1;0.9
1;1.8201043605804443;0.1;0.9
1;1.880022644996643;0.1;0.9
1;1.8435322046279907;0.1;0.9
1;1.7380313873291016;0.1;0.9
1;1.7615770101547241;0.1;0.9
1;1.5453603267669678;0.1;0.9
1;1.622174620628357;0.1;0.9
1;1.7916557788848877;0.1;0.9
1;1.7877352237701416;0.1;0.9
1;1.7766427993774414;0.1;0.9
1;1.8014236688613892;0.1;0.9
1;1.5681753158569336;0.1;0.9
1;1.6696406602859497;0.1;0.9
1;1.7138463258743286;0.1;0.9
1;1.6777232885360718;0.1;0.9
1;1.9556370973587036;0.1;0.9
1;1.9610836505889893;0.1;0.9
1;1.6863242387771606;0.1;0.9
1;1.6596745252609253;0.1;0.9
1;1.8483242988586426;0.1;0.9
1;1.665898084640503;0.1;0.9
1;1.7100569009780884;0.1;0.9
1;1.5565776824951172;0.1;0.9
1;1.8031187057495117;0.1;0.9
1;1.5429400205612183;0.1;0.9
1;1.7913142442703247;0.1;0.9
1;1.6761819124221802;0.1;0.9
1;1.5717822313308716;0.1;0.9
1;1.6464765071868896;0.1;0.9
1;1.5958489179611206;0.1;0.9
1;1.7561731338500977;0.1;0.9
1;1.348996639251709;0.1;0.9
1;1.6236588954925537;0.1;0.9
1;1.679558277130127;0.1;0.9
1;1.6822550296783447;0.1;0.9
1;1.5876415967941284;0.1;0.9
1;1.7456481456756592;0.1;0.9
1;1.7378343343734741;0.1;0.9
1;1.562890887260437;0.1;0.9
1;1.4894428253173828;0.1;0.9
1;1.6297647953033447;0.1;0.9
1;1.6794990301132202;0.1;0.9
1;1.7349356412887573;0.1;0.9
1;1.8453853130340576;0.1;0.9
1;1.8720544576644897;0.1;0.9
1;1.557648777961731;0.1;0.9
1;1.5162347555160522;0.1;0.9
1;1.9737030267715454;0.1;0.9
1;1.7937229871749878;0.1;0.9
1;1.516149640083313;0.1;0.9
1;1.6111254692077637;0.1;0.9
1;1.7347562313079834;0.1;0.9
1;1.539569616317749;0.1;0.9
1;1.6536017656326294;0.1;0.9
1;1.8272486925125122;0.1;0.9
1;1.752384901046753;0.1;0.9
1;1.6619892120361328;0.1;0.9
1;1.6630268096923828;0.1;0.9
1;1.6692304611206055;0.1;0.9
1;1.6212844848632812;0.1;0.9
1;1.5931673049926758;0.1;0.9
1;1.5896871089935303;0.1;0.9
1;1.4703311920166016;0.1;0.9
1;1.8697761297225952;0.1;0.9
1;1.7435306310653687;0.1;0.9
1;1.4584925174713135;0.1;0.9
1;1.6330206394195557;0.1;0.9
1;1.6125503778457642;0.1;0.9
1;1.6428786516189575;0.1;0.9
1;1.4553719758987427;0.1;0.9
1;1.4296092987060547;0.1;0.9
1;1.727563500404358;0.1;0.9
1;1.7538299560546875;0.1;0.9
1;1.6726484298706055;0.1;0.9
1;1.6313819885253906;0.1;0.9
1;1.5797443389892578;0.1;0.9
1;1.6150436401367188;0.1;0.9
1;1.5248218774795532;0.1;0.9
1;1.6307659149169922;0.1;0.9
1;1.8782010078430176;0.1;0.9
1;1.6228841543197632;0.1;0.9
1;1.512779951095581;0.1;0.9
1;1.7127737998962402;0.1;0.9
1;1.6991164684295654;0.1;0.9
1;1.7228140830993652;0.1;0.9
1;1.6823610067367554;0.1;0.9
1;1.5986980199813843;0.1;0.9
1;1.6095149517059326;0.1;0.9
1;1.5510164499282837;0.1;0.9
1;1.5692737102508545;0.1;0.9
1;1.7208690643310547;0.1;0.9
1;1.6095603704452515;0.1;0.9
1;1.5162400007247925;0.1;0.9
1;1.5571707487106323;0.1;0.9
1;1.6628718376159668;0.1;0.9
1;1.5806984901428223;0.1;0.9
1;1.579814076423645;0.1;0.9
1;1.4313793182373047;0.1;0.9
1;1.4955735206604004;0.1;0.9
1;1.4550318717956543;0.1;0.9
1;1.8394393920898438;0.1;0.9
1;1.6613705158233643;0.1;0.9
1;1.5876611471176147;0.1;0.9
1;1.7154682874679565;0.1;0.9
1;1.5310161113739014;0.1;0.9
1;1.5309666395187378;0.1;0.9
1;1.537006139755249;0.1;0.9
1;1.7850004434585571;0.1;0.9
1;1.5743616819381714;0.1;0.9
1;1.5029598474502563;0.1;0.9
1;1.5775166749954224;0.1;0.9
1;1.5915749073028564;0.1;0.9
1;1.3761041164398193;0.1;0.9
1;1.526015043258667;0.1;0.9
1;1.4773555994033813;0.1;0.9
1;1.418959379196167;0.1;0.9
1;1.5560362339019775;0.1;0.9
1;1.5608234405517578;0.1;0.9
1;1.7350867986679077;0.1;0.9
1;1.5063375234603882;0.1;0.9
1;1.5700788497924805;0.1;0.9
1;1.4491150379180908;0.1;0.9
1;1.6553955078125;0.1;0.9
1;1.6815553903579712;0.1;0.9
1;1.6885673999786377;0.1;0.9
1;1.6353031396865845;0.1;0.9
1;1.6123703718185425;0.1;0.9
1;1.601098895072937;0.1;0.9
1;1.3540035486221313;0.1;0.9
1;1.7273133993148804;0.1;0.9
1;1.6278715133666992;0.1;0.9
1;1.3239004611968994;0.1;0.9
1;1.5892066955566406;0.1;0.9
1;1.6411638259887695;0.1;0.9
1;1.6381235122680664;0.1;0.9
1;1.3479056358337402;0.1;0.9
1;1.6180554628372192;0.1;0.9
1;1.2367291450500488;0.1;0.9
1;1.671312689781189;0.1;0.9
1;1.7084629535675049;0.1;0.9
1;1.5394762754440308;0.1;0.9
1;1.6830171346664429;0.1;0.9
1;1.5408626794815063;0.1;0.9
1;1.687038540840149;0.1;0.9
1;1.617812156677246;0.1;0.9
1;1.5438376665115356;0.1;0.9
1;1.545755386352539;0.1;0.9
1;1.5382455587387085;0.1;0.9
1;1.411370873451233;0.1;0.9
1;1.560058832168579;0.1;0.9
1;1.4389920234680176;0.1;0.9
1;1.5159236192703247;0.1;0.9
1;1.3944376707077026;0.1;0.9
1;1.6367727518081665;0.1;0.9
1;1.961637020111084;0.1;0.9
1;1.80047607421875;0.1;0.9
1;1.5169932842254639;0.1;0.9
1;1.6587934494018555;0.1;0.9
1;1.616963267326355;0.1;0.9
1;1.7229750156402588;0.1;0.9
1;1.7186757326126099;0.1;0.9
1;1.7673895359039307;0.1;0.9
1;1.5772480964660645;0.1;0.9
1;1.6674784421920776;0.1;0.9
1;1.8076539039611816;0.1;0.9
1;1.52589750289917;0.1;0.9
1;1.5602811574935913;0.1;0.9
1;1.7319010496139526;0.1;0.9
1;1.713553547859192;0.1;0.9
1;1.5822269916534424;0.1;0.9
1;1.5084308385849;0.1;0.9
1;1.7919923067092896;0.1;0.9
1;1.510938286781311;0.1;0.9
1;1.607172966003418;0.1;0.9
1;1.3629529476165771;0.1;0.9
1;1.4717453718185425;0.1;0.9
1;1.3401005268096924;0.1;0.9
1;1.7105685472488403;0.1;0.9
1;1.4178893566131592;0.1;0.9
1;1.7087275981903076;0.1;0.9
1;1.7023817300796509;0.1;0.9
1;1.5044782161712646;0.1;0.9
1;1.5172793865203857;0.1;0.9
1;1.6725492477416992;0.1;0.9
1;1.6543534994125366;0.1;0.9
1;1.640838384628296;0.1;0.9
1;1.5543460845947266;0.1;0.9
1;1.637803554534912;0.1;0.9
1;1.7673557996749878;0.1;0.9
1;1.7513457536697388;0.1;0.9
1;1.7120676040649414;0.1;0.9
1;1.513883113861084;0.1;0.9
1;1.6511776447296143;0.1;0.9
1;1.581296682357788;0.1;0.9
1;1.6482369899749756;0.1;0.9
1;1.6666803359985352;0.1;0.9
1;1.6902880668640137;0.1;0.9
1;1.600009560585022;0.1;0.9
1;1.4626107215881348;0.1;0.9
1;1.6468080282211304;0.1;0.9
1;1.5003176927566528;0.1;0.9
1;1.6448276042938232;0.1;0.9
1;1.8245991468429565;0.1;0.9
1;1.5765184164047241;0.1;0.9
1;1.5920875072479248;0.1;0.9
1;1.646030306816101;0.1;0.9
1;1.5728431940078735;0.1;0.9
1;1.6655137538909912;0.1;0.9
1;1.4591209888458252;0.1;0.9
1;1.6069790124893188;0.1;0.9
1;1.5116844177246094;0.1;0.9
1;1.7059513330459595;0.1;0.9
1;1.6189686059951782;0.1;0.9
1;1.6145271062850952;0.1;0.9
1;1.5495866537094116;0.1;0.9
1;1.5604455471038818;0.1;0.9
1;1.5440809726715088;0.1;0.9
1;1.5087007284164429;0.1;0.9
1;1.4514621496200562;0.1;0.9
1;1.6112231016159058;0.1;0.9
1;1.6552542448043823;0.1;0.9
1;1.6804710626602173;0.1;0.9
1;1.6403199434280396;0.1;0.9
1;1.6412771940231323;0.1;0.9
1;1.428979516029358;0.1;0.9
1;1.5514060258865356;0.1;0.9
1;1.5766266584396362;0.1;0.9
1;1.7292711734771729;0.1;0.9
1;1.5837923288345337;0.1;0.9
1;1.4963338375091553;0.1;0.9
1;1.6738219261169434;0.1;0.9
1;1.4119056463241577;0.1;0.9
1;1.531724214553833;0.1;0.9
1;1.756556749343872;0.1;0.9
1;1.4552143812179565;0.1;0.9
1;1.5702329874038696;0.1;0.9
1;1.5819594860076904;0.1;0.9
1;1.6221681833267212;0.1;0.9
1;1.8395235538482666;0.1;0.9
1;1.5059008598327637;0.1;0.9
1;1.7216105461120605;0.1;0.9
1;1.4235467910766602;0.1;0.9
1;1.6229044198989868;0.1;0.9
1;1.5302679538726807;0.1;0.9
1;1.618250846862793;0.1;0.9
1;1.661741852760315;0.1;0.9
1;1.6203466653823853;0.1;0.9
1;1.718810796737671;0.1;0.9
1;1.696803331375122;0.1;0.9
1;1.5321916341781616;0.1;0.9
1;1.490248441696167;0.1;0.9
1;1.548702359199524;0.1;0.9
1;1.3188526630401611;0.1;0.9
1;1.5776687860488892;0.1;0.9
1;1.7129238843917847;0.1;0.9
1;1.4718137979507446;0.1;0.9
1;1.3606191873550415;0.1;0.9
1;1.6573725938796997;0.1;0.9
1;1.6792200803756714;0.1;0.9
1;1.4519444704055786;0.1;0.9
1;1.376684546470642;0.1;0.9
1;1.5327672958374023;0.1;0.9
1;1.689469575881958;0.1;0.9
1;1.5105457305908203;0.1;0.9
1;1.544562816619873;0.1;0.9
1;1.7117385864257812;0.1;0.9
1;1.613100290298462;0.1;0.9
1;1.698199987411499;0.1;0.9
1;1.636667251586914;0.1;0.9
1;1.506935477256775;0.1;0.9
1;1.667000651359558;0.1;0.9
1;1.4580116271972656;0.1;0.9
1;1.5448367595672607;0.1;0.9
1;1.4864453077316284;0.1;0.9
1;1.479028344154358;0.1;0.9
1;1.7534247636795044;0.1;0.9
1;1.4283902645111084;0.1;0.9
1;1.5797895193099976;0.1;0.9
1;1.608199119567871;0.1;0.9
1;1.9158974885940552;0.1;0.9
1;1.6370556354522705;0.1;0.9
1;1.6600514650344849;0.1;0.9
1;1.549321174621582;0.1;0.9
1;1.874196171760559;0.1;0.9
1;1.537868618965149;0.1;0.9
1;1.4020732641220093;0.1;0.9
1;1.4927862882614136;0.1;0.9
1;1.533600091934204;0.1;0.9
1;1.6148605346679688;0.1;0.9
1;1.6552715301513672;0.1;0.9
1;1.8067790269851685;0.1;0.9
1;1.5104299783706665;0.1;0.9
1;1.8618892431259155;0.1;0.9
1;1.5774760246276855;0.1;0.9
1;1.512129783630371;0.1;0.9
1;1.5076535940170288;0.1;0.9
1;1.5186899900436401;0.1;0.9
1;1.454702615737915;0.1;0.9
1;1.5315171480178833;0.1;0.9
1;1.4558624029159546;0.1;0.9
1;1.377230167388916;0.1;0.9
1;1.5610287189483643;0.1;0.9
1;1.405490756034851;0.1;0.9
1;1.6972883939743042;0.1;0.9
1;1.4379476308822632;0.1;0.9
1;1.5900685787200928;0.1;0.9
1;1.5456544160842896;0.1;0.9
1;1.4347071647644043;0.1;0.9
1;1.5358092784881592;0.1;0.9
1;1.5743217468261719;0.1;0.9
1;1.513493537902832;0.1;0.9
1;1.5551393032073975;0.1;0.9
1;1.4992210865020752;0.1;0.9
1;1.6392375230789185;0.1;0.9
1;1.4811567068099976;0.1;0.9
1;1.4396909475326538;0.1;0.9
1;1.6204811334609985;0.1;0.9
1;1.3702210187911987;0.1;0.9
1;1.6871445178985596;0.1;0.9
1;1.4139509201049805;0.1;0.9
1;1.6445603370666504;0.1;0.9
1;1.3668957948684692;0.1;0.9
1;1.49710214138031;0.1;0.9
1;1.679118037223816;0.1;0.9
1;1.4464528560638428;0.1;0.9
1;1.610762119293213;0.1;0.9
1;1.656808853149414;0.1;0.9
1;1.3666645288467407;0.1;0.9
1;1.4178271293640137;0.1;0.9
1;1.7053574323654175;0.1;0.9
1;1.4859154224395752;0.1;0.9
1;1.365875482559204;0.1;0.9
1;1.734810709953308;0.1;0.9
1;1.4910329580307007;0.1;0.9
1;1.760426640510559;0.1;0.9
1;1.5410048961639404;0.1;0.9
1;1.375498652458191;0.1;0.9
1;1.4965770244598389;0.1;0.9
1;1.4900869131088257;0.1;0.9
1;1.3466509580612183;0.1;0.9
1;1.5590670108795166;0.1;0.9
1;1.5188801288604736;0.1;0.9
1;1.5530779361724854;0.1;0.9
1;1.4920291900634766;0.1;0.9
1;1.8402087688446045;0.1;0.9
1;1.3203685283660889;0.1;0.9
1;1.872812032699585;0.1;0.9
1;1.9398105144500732;0.1;0.9
1;1.6151807308197021;0.1;0.9
1;1.3810052871704102;0.1;0.9
1;1.7319614887237549;0.1;0.9
1;1.734665870666504;0.1;0.9
1;1.5754305124282837;0.1;0.9
1;1.914954662322998;0.1;0.9
1;1.4986841678619385;0.1;0.9
1;1.7087961435317993;0.1;0.9
1;1.5255693197250366;0.1;0.9
1;1.6214158535003662;0.1;0.9
1;1.4547008275985718;0.1;0.9
1;1.7312567234039307;0.1;0.9
1;1.6827163696289062;0.1;0.9
1;1.6105808019638062;0.1;0.9
1;1.5442759990692139;0.1;0.9
1;1.5597810745239258;0.1;0.9
1;1.511580228805542;0.1;0.9
1;1.6469929218292236;0.1;0.9
1;1.7500396966934204;0.1;0.9
1;1.6646497249603271;0.1;0.9
1;1.3655983209609985;0.1;0.9
1;1.2953153848648071;0.1;0.9
1;1.6683244705200195;0.1;0.9
1;1.5462348461151123;0.1;0.9
1;1.35310697555542;0.1;0.9
1;1.2407728433609009;0.1;0.9
1;1.3899697065353394;0.1;0.9
1;1.470617413520813;0.1;0.9
1;1.5764552354812622;0.1;0.9
1;1.5226978063583374;0.1;0.9
1;1.4633822441101074;0.1;0.9
1;1.6130785942077637;0.1;0.9
1;1.4336069822311401;0.1;0.9
1;1.577907681465149;0.1;0.9
1;1.4513393640518188;0.1;0.9
1;1.604062557220459;0.1;0.9
1;1.5392245054244995;0.1;0.9
1;1.5515576601028442;0.1;0.9
1;1.6863689422607422;0.1;0.9
1;1.5697156190872192;0.1;0.9
1;1.596137285232544;0.1;0.9
1;1.3542331457138062;0.1;0.9
1;1.411238193511963;0.1;0.9
1;1.4361671209335327;0.1;0.9
1;1.2019122838974;0.1;0.9
1;1.4474384784698486;0.1;0.9
1;1.5930418968200684;0.1;0.9
1;1.7299727201461792;0.1;0.9
1;1.4636746644973755;0.1;0.9
1;1.5243710279464722;0.1;0.9
1;1.665837287902832;0.1;0.9
1;1.5073344707489014;0.1;0.9
1;1.2134027481079102;0.1;0.9
1;1.3971978425979614;0.1;0.9
1;1.3570023775100708;0.1;0.9
1;1.5943342447280884;0.1;0.9
1;1.5720540285110474;0.1;0.9
1;1.645247459411621;0.1;0.9
1;1.6726478338241577;0.1;0.9
1;1.7715802192687988;0.1;0.9
1;1.6340904235839844;0.1;0.9
1;1.5158543586730957;0.1;0.9
1;1.4015718698501587;0.1;0.9
1;1.7675195932388306;0.1;0.9
1;1.5984245538711548;0.1;0.9
1;1.422452688217163;0.1;0.9
1;1.508498191833496;0.1;0.9
1;1.6223379373550415;0.1;0.9
1;1.5680925846099854;0.1;0.9
1;1.298120141029358;0.1;0.9
1;1.4673680067062378;0.1;0.9
1;1.341916799545288;0.1;0.9
1;1.5066092014312744;0.1;0.9
1;1.497909665107727;0.1;0.9
1;1.5300703048706055;0.1;0.9
1;1.8091676235198975;0.1;0.9
1;1.4227083921432495;0.1;0.9
1;1.6633549928665161;0.1;0.9
1;1.4646998643875122;0.1;0.9
1;1.4063674211502075;0.1;0.9
1;1.26349937915802;0.1;0.9
1;1.219667911529541;0.1;0.9
1;1.457364797592163;0.1;0.9
1;1.8350329399108887;0.1;0.9
1;1.8079314231872559;0.1;0.9
1;1.3258792161941528;0.1;0.9
1;1.4771329164505005;0.1;0.9
1;1.566672444343567;0.1;0.9
1;1.54807710647583;0.1;0.9
1;1.6764756441116333;0.1;0.9
1;1.4138472080230713;0.1;0.9
1;1.3845065832138062;0.1;0.9
1;1.4556273221969604;0.1;0.9
1;1.4338359832763672;0.1;0.9
1;1.5993348360061646;0.1;0.9
1;1.622170090675354;0.1;0.9
1;1.4589561223983765;0.1;0.9
1;1.633148431777954;0.1;0.9
1;1.6404606103897095;0.1;0.9
1;1.5796966552734375;0.1;0.9
1;1.3332955837249756;0.1;0.9
1;1.5664018392562866;0.1;0.9
1;1.4546865224838257;0.1;0.9
1;1.5721700191497803;0.1;0.9
1;1.7303227186203003;0.1;0.9
1;1.5379730463027954;0.1;0.9
1;1.3807744979858398;0.1;0.9
1;1.5047643184661865;0.1;0.9
1;1.5331062078475952;0.1;0.9
1;1.7121894359588623;0.1;0.9
1;1.6226528882980347;0.1;0.9
1;1.5691330432891846;0.1;0.9
1;1.518557071685791;0.1;0.9
1;1.5809481143951416;0.1;0.9
1;1.5146719217300415;0.1;0.9
1;1.476561427116394;0.1;0.9
1;1.572383165359497;0.1;0.9
1;1.4870638847351074;0.1;0.9
1;1.6247535943984985;0.1;0.9
1;1.6167073249816895;0.1;0.9
1;1.3809515237808228;0.1;0.9
1;1.3853846788406372;0.1;0.9
1;1.4181493520736694;0.1;0.9
1;1.4657702445983887;0.1;0.9
1;1.578240990638733;0.1;0.9
1;1.4338542222976685;0.1;0.9
1;1.7420216798782349;0.1;0.9
1;1.4430418014526367;0.1;0.9
1;1.2418920993804932;0.1;0.9
1;1.5433436632156372;0.1;0.9
1;1.3510664701461792;0.1;0.9
1;1.3874329328536987;0.1;0.9
1;1.3810908794403076;0.1;0.9
1;1.4347561597824097;0.1;0.9
1;1.7198832035064697;0.1;0.9
1;1.422160029411316;0.1;0.9
1;1.4932429790496826;0.1;0.9
1;1.442599892616272;0.1;0.9
1;1.4657199382781982;0.1;0.9
1;1.5026437044143677;0.1;0.9
1;1.554844617843628;0.1;0.9
1;1.3522886037826538;0.1;0.9
1;1.5767613649368286;0.1;0.9
1;1.4570579528808594;0.1;0.9
1;1.3847929239273071;0.1;0.9
1;1.7079172134399414;0.1;0.9
1;1.7259628772735596;0.1;0.9
1;1.4513059854507446;0.1;0.9
1;1.6885323524475098;0.1;0.9
1;1.559898018836975;0.1;0.9
1;1.4323054552078247;0.1;0.9
1;1.5413990020751953;0.1;0.9
1;1.555285096168518;0.1;0.9
1;1.5370311737060547;0.1;0.9
1;1.5393328666687012;0.1;0.9
1;1.2465227842330933;0.1;0.9
1;1.4081921577453613;0.1;0.9
1;1.4513527154922485;0.1;0.9
1;1.253287672996521;0.1;0.9
1;1.383859634399414;0.1;0.9
1;1.3592056035995483;0.1;0.9
1;1.6153476238250732;0.1;0.9
1;1.2818905115127563;0.1;0.9
1;1.2853989601135254;0.1;0.9
1;1.4934656620025635;0.1;0.9
1;1.4215387105941772;0.1;0.9
1;1.634240746498108;0.1;0.9
1;1.5782231092453003;0.1;0.9
1;1.349663496017456;0.1;0.9
1;1.8729418516159058;0.1;0.9
1;1.658271312713623;0.1;0.9
1;1.4100615978240967;0.1;0.9
1;1.3802217245101929;0.1;0.9
1;1.5884332656860352;0.1;0.9
1;1.4923865795135498;0.1;0.9
1;1.5351917743682861;0.1;0.9
1;1.5303064584732056;0.1;0.9
1;1.483940839767456;0.1;0.9
1;1.4709714651107788;0.1;0.9
1;1.381055235862732;0.1;0.9
1;1.6815893650054932;0.1;0.9
1;1.3956292867660522;0.1;0.9
1;1.2464057207107544;0.1;0.9
1;1.2979230880737305;0.1;0.9
1;1.7230885028839111;0.1;0.9
1;1.5141018629074097;0.1;0.9
1;1.5587246417999268;0.1;0.9
1;1.1788991689682007;0.1;0.9
1;1.4922938346862793;0.1;0.9
1;1.638717770576477;0.1;0.9
1;1.4069329500198364;0.1;0.9
1;1.4989662170410156;0.1;0.9
1;1.3782223463058472;0.1;0.9
1;1.4981814622879028;0.1;0.9
1;1.3371543884277344;0.1;0.9
1;1.8583701848983765;0.1;0.9
1;1.3266924619674683;0.1;0.9
1;1.3760980367660522;0.1;0.9
1;1.3473608493804932;0.1;0.9
1;1.4763034582138062;0.1;0.9
1;2.013186454772949;0.1;0.9
2;1.4695335626602173;0.1;0.9
2;1.3403953313827515;0.1;0.9
2;1.5911551713943481;0.1;0.9
2;1.3246690034866333;0.1;0.9
2;1.3216516971588135;0.1;0.9
2;1.4905290603637695;0.1;0.9
2;1.5240534543991089;0.1;0.9
2;1.4536465406417847;0.1;0.9
2;1.403133511543274;0.1;0.9
2;1.491502046585083;0.1;0.9
2;1.7785464525222778;0.1;0.9
2;1.4942052364349365;0.1;0.9
2;1.4969182014465332;0.1;0.9
2;1.8039625883102417;0.1;0.9
2;1.558984637260437;0.1;0.9
2;1.3828989267349243;0.1;0.9
2;1.4036585092544556;0.1;0.9
2;1.240799069404602;0.1;0.9
2;1.4758894443511963;0.1;0.9
2;1.5269001722335815;0.1;0.9
2;1.7277069091796875;0.1;0.9
2;1.3399467468261719;0.1;0.9
2;1.3837203979492188;0.1;0.9
2;1.5348063707351685;0.1;0.9
2;1.371724009513855;0.1;0.9
2;1.301135540008545;0.1;0.9
2;1.6117931604385376;0.1;0.9
2;1.3314930200576782;0.1;0.9
2;1.4063159227371216;0.1;0.9
2;1.4047375917434692;0.1;0.9
2;1.501264214515686;0.1;0.9
2;1.7394323348999023;0.1;0.9
2;1.3737789392471313;0.1;0.9
2;1.362910509109497;0.1;0.9
2;1.3825035095214844;0.1;0.9
2;1.4692074060440063;0.1;0.9
2;1.6155297756195068;0.1;0.9
2;1.5667212009429932;0.1;0.9
2;1.4636337757110596;0.1;0.9
2;1.5695527791976929;0.1;0.9
2;1.4313937425613403;0.1;0.9
2;1.4123657941818237;0.1;0.9
2;1.5354398488998413;0.1;0.9
2;1.510548710823059;0.1;0.9
2;1.3119001388549805;0.1;0.9
2;1.266136884689331;0.1;0.9
2;1.5540103912353516;0.1;0.9
2;1.5829319953918457;0.1;0.9
2;1.4888241291046143;0.1;0.9
2;1.8110108375549316;0.1;0.9
2;1.3961611986160278;0.1;0.9
2;1.4248566627502441;0.1;0.9
2;1.540122389793396;0.1;0.9
2;1.7612026929855347;0.1;0.9
2;1.304095983505249;0.1;0.9
2;1.3950231075286865;0.1;0.9
2;1.5708914995193481;0.1;0.9
2;1.2850050926208496;0.1;0.9
2;1.2780758142471313;0.1;0.9
2;1.4296810626983643;0.1;0.9
2;1.5647659301757812;0.1;0.9
2;1.537766933441162;0.1;0.9
2;1.5155037641525269;0.1;0.9
2;1.4702173471450806;0.1;0.9
2;1.4995815753936768;0.1;0.9
2;1.3469533920288086;0.1;0.9
2;1.5799893140792847;0.1;0.9
2;1.407102108001709;0.1;0.9
2;1.1612673997879028;0.1;0.9
2;1.3560428619384766;0.1;0.9
2;1.6236129999160767;0.1;0.9
2;1.1950358152389526;0.1;0.9
2;1.49472177028656;0.1;0.9
2;1.494879961013794;0.1;0.9
2;1.5181232690811157;0.1;0.9
2;1.6894537210464478;0.1;0.9
2;1.4923639297485352;0.1;0.9
2;1.5557256937026978;0.1;0.9
2;1.293981909751892;0.1;0.9
2;1.642033338546753;0.1;0.9
2;1.6112101078033447;0.1;0.9
2;1.678457498550415;0.1;0.9
2;1.490396499633789;0.1;0.9
2;1.4585343599319458;0.1;0.9
2;1.4930599927902222;0.1;0.9
2;1.530076026916504;0.1;0.9
2;1.4865914583206177;0.1;0.9
2;1.1362993717193604;0.1;0.9
2;1.4696085453033447;0.1;0.9
2;1.4337992668151855;0.1;0.9
2;1.4701086282730103;0.1;0.9
2;1.35312020778656;0.1;0.9
2;1.3138779401779175;0.1;0.9
2;1.2775448560714722;0.1;0.9
2;1.4352588653564453;0.1;0.9
2;1.457336187362671;0.1;0.9
2;1.2923178672790527;0.1;0.9
2;1.4831655025482178;0.1;0.9
2;1.444938063621521;0.1;0.9
2;1.3645784854888916;0.1;0.9
2;1.4710665941238403;0.1;0.9
2;1.376656413078308;0.1;0.9
2;1.3675603866577148;0.1;0.9
2;1.4464120864868164;0.1;0.9
2;1.5910066366195679;0.1;0.9
2;1.2322759628295898;0.1;0.9
2;1.292702555656433;0.1;0.9
2;1.5726405382156372;0.1;0.9
2;1.3555176258087158;0.1;0.9
2;1.400181531906128;0.1;0.9
2;1.5155173540115356;0.1;0.9
2;1.4274789094924927;0.1;0.9
2;1.333426594734192;0.1;0.9
2;1.2623814344406128;0.1;0.9
2;1.2902770042419434;0.1;0.9
2;1.6573930978775024;0.1;0.9
2;1.4194424152374268;0.1;0.9
2;1.2731188535690308;0.1;0.9
2;1.5078637599945068;0.1;0.9
2;1.6646116971969604;0.1;0.9
2;1.5004812479019165;0.1;0.9
2;1.3427363634109497;0.1;0.9
2;1.5326651334762573;0.1;0.9
2;1.3999676704406738;0.1;0.9
2;1.5793763399124146;0.1;0.9
2;1.4953575134277344;0.1;0.9
2;1.4605157375335693;0.1;0.9
2;1.337004542350769;0.1;0.9
2;1.507530689239502;0.1;0.9
2;1.4619275331497192;0.1;0.9
2;1.5263689756393433;0.1;0.9
2;1.4726221561431885;0.1;0.9
2;1.5621272325515747;0.1;0.9
2;1.2234280109405518;0.1;0.9
2;1.3655320405960083;0.1;0.9
2;1.1869657039642334;0.1;0.9
2;1.4586204290390015;0.1;0.9
2;1.599704384803772;0.1;0.9
2;1.48349928855896;0.1;0.9
2;1.598294973373413;0.1;0.9
2;1.798197627067566;0.1;0.9
2;1.6234166622161865;0.1;0.9
2;1.4333971738815308;0.1;0.9
2;1.3869694471359253;0.1;0.9
2;1.4574222564697266;0.1;0.9
2;1.3433687686920166;0.1;0.9
2;1.3784135580062866;0.1;0.9
2;1.727277159690857;0.1;0.9
2;1.335830569267273;0.1;0.9
2;1.3276468515396118;0.1;0.9
2;1.3819148540496826;0.1;0.9
2;1.5531357526779175;0.1;0.9
2;1.5839500427246094;0.1;0.9
2;1.4297840595245361;0.1;0.9
2;1.4831098318099976;0.1;0.9
2;1.3979436159133911;0.1;0.9
2;1.4988921880722046;0.1;0.9
2;1.3376060724258423;0.1;0.9
2;1.4935718774795532;0.1;0.9
2;1.7618862390518188;0.1;0.9
2;1.52812659740448;0.1;0.9
2;1.287748098373413;0.1;0.9
2;1.5628911256790161;0.1;0.9
2;1.526259183883667;0.1;0.9
2;1.4404999017715454;0.1;0.9
2;1.6199729442596436;0.1;0.9
2;1.432402491569519;0.1;0.9
2;1.368371844291687;0.1;0.9
2;1.2852966785430908;0.1;0.9
2;1.3409156799316406;0.1;0.9
2;1.5203464031219482;0.1;0.9
2;1.3339710235595703;0.1;0.9
2;1.5896732807159424;0.1;0.9
2;1.7255878448486328;0.1;0.9
2;1.3174705505371094;0.1;0.9
2;1.273353099822998;0.1;0.9
2;1.378577709197998;0.1;0.9
2;1.4882789850234985;0.1;0.9
2;1.5125000476837158;0.1;0.9
2;1.3326481580734253;0.1;0.9
2;1.3301799297332764;0.1;0.9
2;1.3851088285446167;0.1;0.9
2;1.3712557554244995;0.1;0.9
2;1.3705341815948486;0.1;0.9
2;1.4650484323501587;0.1;0.9
2;1.5813523530960083;0.1;0.9
2;1.358254313468933;0.1;0.9
2;1.6888231039047241;0.1;0.9
2;1.2833099365234375;0.1;0.9
2;1.4220850467681885;0.1;0.9
2;1.2200931310653687;0.1;0.9
2;1.3979846239089966;0.1;0.9
2;1.6466772556304932;0.1;0.9
2;1.362356185913086;0.1;0.9
2;1.430149793624878;0.1;0.9
2;1.5499156713485718;0.1;0.9
2;1.3648167848587036;0.1;0.9
2;1.3983179330825806;0.1;0.9
2;1.5620745420455933;0.1;0.9
2;1.625363826751709;0.1;0.9
2;1.2260851860046387;0.1;0.9
2;1.5421748161315918;0.1;0.9
2;1.3387771844863892;0.1;0.9
2;1.6259018182754517;0.1;0.9
2;1.332126259803772;0.1;0.9
2;1.5408275127410889;0.1;0.9
2;1.2442982196807861;0.1;0.9
2;1.6786235570907593;0.1;0.9
2;1.3932024240493774;0.1;0.9
2;1.7189655303955078;0.1;0.9
2;1.31930410861969;0.1;0.9
2;1.407028079032898;0.1;0.9
2;1.384292721748352;0.1;0.9
2;1.4578657150268555;0.1;0.9
2;1.4934793710708618;0.1;0.9
2;1.435076355934143;0.1;0.9
2;1.3221609592437744;0.1;0.9
2;1.3524268865585327;0.1;0.9
2;1.216504693031311;0.1;0.9
2;1.5027763843536377;0.1;0.9
2;1.4357094764709473;0.1;0.9
2;1.4319602251052856;0.1;0.9
2;1.4542920589447021;0.1;0.9
2;1.601139783859253;0.1;0.9
2;1.4606173038482666;0.1;0.9
2;1.4851938486099243;0.1;0.9
2;1.3346973657608032;0.1;0.9
2;1.3308322429656982;0.1;0.9
2;1.398315191268921;0.1;0.9
2;1.6215832233428955;0.1;0.9
2;1.5410763025283813;0.1;0.9
2;1.5767784118652344;0.1;0.9
2;1.5090636014938354;0.1;0.9
2;1.6376421451568604;0.1;0.9
2;1.452311635017395;0.1;0.9
2;1.660098671913147;0.1;0.9
2;1.4601080417633057;0.1;0.9
2;1.495795488357544;0.1;0.9
2;1.3439877033233643;0.1;0.9
2;1.388750672340393;0.1;0.9
2;1.500248908996582;0.1;0.9
2;1.428087592124939;0.1;0.9
2;1.6306298971176147;0.1;0.9
2;1.5003858804702759;0.1;0.9
2;1.4632097482681274;0.1;0.9
2;1.518856406211853;0.1;0.9
2;1.4440251588821411;0.1;0.9
2;1.395127773284912;0.1;0.9
2;1.597226858139038;0.1;0.9
2;1.6478941440582275;0.1;0.9
2;1.4790329933166504;0.1;0.9
2;1.4080877304077148;0.1;0.9
2;1.4662798643112183;0.1;0.9
2;1.3540655374526978;0.1;0.9
2;1.5033921003341675;0.1;0.9
2;1.3059765100479126;0.1;0.9
2;1.502202033996582;0.1;0.9
2;1.2556159496307373;0.1;0.9
2;1.5106751918792725;0.1;0.9
2;1.4065296649932861;0.1;0.9
2;1.3127360343933105;0.1;0.9
2;1.3559820652008057;0.1;0.9
2;1.3417580127716064;0.1;0.9
2;1.6189905405044556;0.1;0.9
2;1.0383949279785156;0.1;0.9
2;1.3729240894317627;0.1;0.9
2;1.4484283924102783;0.1;0.9
2;1.3906476497650146;0.1;0.9
2;1.2765752077102661;0.1;0.9
2;1.5742837190628052;0.1;0.9
2;1.4711525440216064;0.1;0.9
2;1.2980667352676392;0.1;0.9
2;1.25393807888031;0.1;0.9
2;1.4714609384536743;0.1;0.9
2;1.5194965600967407;0.1;0.9
2;1.4164364337921143;0.1;0.9
2;1.7314517498016357;0.1;0.9
2;1.6387598514556885;0.1;0.9
2;1.4398702383041382;0.1;0.9
2;1.3009551763534546;0.1;0.9
2;1.5499417781829834;0.1;0.9
2;1.5655173063278198;0.1;0.9
2;1.2129822969436646;0.1;0.9
2;1.4848616123199463;0.1;0.9
2;1.4973101615905762;0.1;0.9
2;1.2389447689056396;0.1;0.9
2;1.3723784685134888;0.1;0.9
2;1.4702194929122925;0.1;0.9
2;1.6124217510223389;0.1;0.9
2;1.3646513223648071;0.1;0.9
2;1.352939486503601;0.1;0.9
2;1.489585280418396;0.1;0.9
2;1.2932568788528442;0.1;0.9
2;1.2250211238861084;0.1;0.9
2;1.306367039680481;0.1;0.9
2;1.2420514822006226;0.1;0.9
2;1.6402384042739868;0.1;0.9
2;1.4082707166671753;0.1;0.9
2;1.2744874954223633;0.1;0.9
2;1.495406150817871;0.1;0.9
2;1.3118643760681152;0.1;0.9
2;1.3268556594848633;0.1;0.9
2;1.2751256227493286;0.1;0.9
2;1.2284551858901978;0.1;0.9
2;1.6435424089431763;0.1;0.9
2;1.533505916595459;0.1;0.9
2;1.3128509521484375;0.1;0.9
2;1.4988406896591187;0.1;0.9
2;1.3801952600479126;0.1;0.9
2;1.3690290451049805;0.1;0.9
2;1.4197818040847778;0.1;0.9
2;1.5345561504364014;0.1;0.9
2;1.6129043102264404;0.1;0.9
2;1.4311925172805786;0.1;0.9
2;1.3447972536087036;0.1;0.9
2;1.3674200773239136;0.1;0.9
2;1.567659854888916;0.1;0.9
2;1.6238709688186646;0.1;0.9
2;1.542646050453186;0.1;0.9
2;1.5474841594696045;0.1;0.9
2;1.4725927114486694;0.1;0.9
2;1.3722397089004517;0.1;0.9
2;1.4026929140090942;0.1;0.9
2;1.3912607431411743;0.1;0.9
2;1.3148078918457031;0.1;0.9
2;1.2921767234802246;0.1;0.9
2;1.378251552581787;0.1;0.9
2;1.362295389175415;0.1;0.9
2;1.4924312829971313;0.1;0.9
2;1.3528532981872559;0.1;0.9
2;1.1921495199203491;0.1;0.9
2;1.1920965909957886;0.1;0.9
2;1.2519278526306152;0.1;0.9
2;1.4581830501556396;0.1;0.9
2;1.477225661277771;0.1;0.9
2;1.365074634552002;0.1;0.9
2;1.4447723627090454;0.1;0.9
2;1.1767038106918335;0.1;0.9
2;1.303276538848877;0.1;0.9
2;1.2591307163238525;0.1;0.9
2;1.5601264238357544;0.1;0.9
2;1.38678777217865;0.1;0.9
2;1.376724123954773;0.1;0.9
2;1.212249755859375;0.1;0.9
2;1.4160021543502808;0.1;0.9
2;1.1039506196975708;0.1;0.9
2;1.298275351524353;0.1;0.9
2;1.4237054586410522;0.1;0.9
2;1.319749116897583;0.1;0.9
2;1.3955663442611694;0.1;0.9
2;1.3140588998794556;0.1;0.9
2;1.5282055139541626;0.1;0.9
2;1.2940795421600342;0.1;0.9
2;1.5084636211395264;0.1;0.9
2;1.295412302017212;0.1;0.9
2;1.3825984001159668;0.1;0.9
2;1.6043930053710938;0.1;0.9
2;1.4297733306884766;0.1;0.9
2;1.338672399520874;0.1;0.9
2;1.4833897352218628;0.1;0.9
2;1.2719148397445679;0.1;0.9
2;1.1144063472747803;0.1;0.9
2;1.4567385911941528;0.1;0.9
2;1.4298896789550781;0.1;0.9
2;1.0945168733596802;0.1;0.9
2;1.2719700336456299;0.1;0.9
2;1.3788983821868896;0.1;0.9
2;1.300822377204895;0.1;0.9
2;1.1329127550125122;0.1;0.9
2;1.457884430885315;0.1;0.9
2;1.0629600286483765;0.1;0.9
2;1.5132266283035278;0.1;0.9
2;1.329826831817627;0.1;0.9
2;1.2931946516036987;0.1;0.9
2;1.4804474115371704;0.1;0.9
2;1.3276480436325073;0.1;0.9
2;1.400647521018982;0.1;0.9
2;1.3823344707489014;0.1;0.9
2;1.4259166717529297;0.1;0.9
2;1.287781000137329;0.1;0.9
2;1.4064034223556519;0.1;0.9
2;1.09163498878479;0.1;0.9
2;1.3674920797348022;0.1;0.9
2;1.2268447875976562;0.1;0.9
2;1.135602593421936;0.1;0.9
2;1.2367621660232544;0.1;0.9
2;1.4549181461334229;0.1;0.9
2;1.7134867906570435;0.1;0.9
2;1.4777860641479492;0.1;0.9
2;1.288287878036499;0.1;0.9
2;1.3163379430770874;0.1;0.9
2;1.1857483386993408;0.1;0.9
2;1.4142231941223145;0.1;0.9
2;1.4896283149719238;0.1;0.9
2;1.5336129665374756;0.1;0.9
2;1.485538363456726;0.1;0.9
2;1.2841850519180298;0.1;0.9
2;1.6012462377548218;0.1;0.9
2;1.2516391277313232;0.1;0.9
2;1.1764060258865356;0.1;0.9
2;1.3491034507751465;0.1;0.9
2;1.5126149654388428;0.1;0.9
2;1.39175546169281;0.1;0.9
2;1.3296359777450562;0.1;0.9
2;1.3724815845489502;0.1;0.9
2;1.2072217464447021;0.1;0.9
2;1.3471969366073608;0.1;0.9
2;1.1745060682296753;0.1;0.9
2;1.1841979026794434;0.1;0.9
2;1.0810402631759644;0.1;0.9
2;1.521043062210083;0.1;0.9
2;1.2658343315124512;0.1;0.9
2;1.3252025842666626;0.1;0.9
2;1.5069794654846191;0.1;0.9
2;1.3097907304763794;0.1;0.9
2;1.3314478397369385;0.1;0.9
2;1.391951322555542;0.1;0.9
2;1.386059284210205;0.1;0.9
2;1.378858208656311;0.1;0.9
2;1.418108344078064;0.1;0.9
2;1.4073578119277954;0.1;0.9
2;1.4519952535629272;0.1;0.9
2;1.3982164859771729;0.1;0.9
2;1.3833866119384766;0.1;0.9
2;1.2029268741607666;0.1;0.9
2;1.3421545028686523;0.1;0.9
2;1.3971117734909058;0.1;0.9
2;1.5114113092422485;0.1;0.9
2;1.540071964263916;0.1;0.9
2;1.4106849431991577;0.1;0.9
2;1.3813159465789795;0.1;0.9
2;1.1698486804962158;0.1;0.9
2;1.3663848638534546;0.1;0.9
2;1.3783996105194092;0.1;0.9
2;1.3511072397232056;0.1;0.9
2;1.62576162815094;0.1;0.9
2;1.482427954673767;0.1;0.9
2;1.2511094808578491;0.1;0.9
2;1.3949334621429443;0.1;0.9
2;1.3753108978271484;0.1;0.9
2;1.4376542568206787;0.1;0.9
2;1.2363802194595337;0.1;0.9
2;1.3941422700881958;0.1;0.9
2;1.261792540550232;0.1;0.9
2;1.5416537523269653;0.1;0.9
2;1.3839812278747559;0.1;0.9
2;1.4391590356826782;0.1;0.9
2;1.3276607990264893;0.1;0.9
2;1.4201371669769287;0.1;0.9
2;1.3523354530334473;0.1;0.9
2;1.3252735137939453;0.1;0.9
2;1.2131600379943848;0.1;0.9
2;1.4330251216888428;0.1;0.9
2;1.311008334159851;0.1;0.9
2;1.428817629814148;0.1;0.9
2;1.498486042022705;0.1;0.9
2;1.4732447862625122;0.1;0.9
2;1.1380847692489624;0.1;0.9
2;1.216046690940857;0.1;0.9
2;1.1811254024505615;0.1;0.9
2;1.485348105430603;0.1;0.9
2;1.4144614934921265;0.1;0.9
2;1.3777414560317993;0.1;0.9
2;1.400546908378601;0.1;0.9
2;1.226417064666748;0.1;0.9
2;1.1709702014923096;0.1;0.9
2;1.5332144498825073;0.1;0.9
2;1.1791152954101562;0.1;0.9
2;1.3803306818008423;0.1;0.9
2;1.371230125427246;0.1;0.9
2;1.3348252773284912;0.1;0.9
2;1.3902631998062134;0.1;0.9
2;1.209923505783081;0.1;0.9
2;1.5145145654678345;0.1;0.9
2;1.1683273315429688;0.1;0.9
2;1.4966844320297241;0.1;0.9
2;1.2794618606567383;0.1;0.9
2;1.2972818613052368;0.1;0.9
2;1.3163082599639893;0.1;0.9
2;1.5327385663986206;0.1;0.9
2;1.4310030937194824;0.1;0.9
2;1.5263746976852417;0.1;0.9
2;1.3093311786651611;0.1;0.9
2;1.1620854139328003;0.1;0.9
2;1.2819567918777466;0.1;0.9
2;1.0335007905960083;0.1;0.9
2;1.3784258365631104;0.1;0.9
2;1.4110840559005737;0.1;0.9
2;1.0850714445114136;0.1;0.9
2;1.1539652347564697;0.1;0.9
2;1.543404221534729;0.1;0.9
2;1.4594426155090332;0.1;0.9
2;1.2923810482025146;0.1;0.9
2;1.1749153137207031;0.1;0.9
2;1.293807029724121;0.1;0.9
2;1.2941653728485107;0.1;0.9
2;1.25747811794281;0.1;0.9
2;1.4214527606964111;0.1;0.9
2;1.5412184000015259;0.1;0.9
2;1.4485374689102173;0.1;0.9
2;1.473372459411621;0.1;0.9
2;1.33634352684021;0.1;0.9
2;1.2713819742202759;0.1;0.9
2;1.416210412979126;0.1;0.9
2;1.362863302230835;0.1;0.9
2;1.312170386314392;0.1;0.9
2;1.226691484451294;0.1;0.9
2;1.3160605430603027;0.1;0.9
2;1.6177347898483276;0.1;0.9
2;1.2838054895401;0.1;0.9
2;1.2295153141021729;0.1;0.9
2;1.4058079719543457;0.1;0.9
2;1.7336162328720093;0.1;0.9
2;1.4200290441513062;0.1;0.9
2;1.5429801940917969;0.1;0.9
2;1.4097321033477783;0.1;0.9
2;1.6386219263076782;0.1;0.9
2;1.3384459018707275;0.1;0.9
2;1.3434010744094849;0.1;0.9
2;1.3855209350585938;0.1;0.9
2;1.254973292350769;0.1;0.9
2;1.3235927820205688;0.1;0.9
2;1.2995012998580933;0.1;0.9
2;1.5569030046463013;0.1;0.9
2;1.323967695236206;0.1;0.9
2;1.7052301168441772;0.1;0.9
2;1.405159831047058;0.1;0.9
2;1.270187497138977;0.1;0.9
2;1.3506269454956055;0.1;0.9
2;1.4722284078598022;0.1;0.9
2;1.315799355506897;0.1;0.9
2;1.3368860483169556;0.1;0.9
2;1.2841651439666748;0.1;0.9
2;1.1149001121520996;0.1;0.9
2;1.3730143308639526;0.1;0.9
2;1.2095805406570435;0.1;0.9
2;1.5119602680206299;0.1;0.9
2;1.2826167345046997;0.1;0.9
2;1.5020846128463745;0.1;0.9
2;1.1851520538330078;0.1;0.9
2;1.1744822263717651;0.1;0.9
2;1.4563342332839966;0.1;0.9
2;1.3480708599090576;0.1;0.9
2;1.3893790245056152;0.1;0.9
2;1.4344254732131958;0.1;0.9
2;1.3078113794326782;0.1;0.9
2;1.4130114316940308;0.1;0.9
2;1.289229393005371;0.1;0.9
2;1.1796791553497314;0.1;0.9
2;1.3928388357162476;0.1;0.9
2;1.1973319053649902;0.1;0.9
2;1.5953187942504883;0.1;0.9
2;1.2244088649749756;0.1;0.9
2;1.3833564519882202;0.1;0.9
2;1.1992571353912354;0.1;0.9
2;1.326183557510376;0.1;0.9
2;1.5152958631515503;0.1;0.9
2;1.222838282585144;0.1;0.9
2;1.239539384841919;0.1;0.9
2;1.3407856225967407;0.1;0.9
2;1.1775046586990356;0.1;0.9
2;1.2796815633773804;0.1;0.9
2;1.4898087978363037;0.1;0.9
2;1.342581033706665;0.1;0.9
2;1.210059642791748;0.1;0.9
2;1.6165250539779663;0.1;0.9
2;1.308030128479004;0.1;0.9
2;1.4823862314224243;0.1;0.9
2;1.3797543048858643;0.1;0.9
2;1.2626529932022095;0.1;0.9
2;1.2372517585754395;0.1;0.9
2;1.2264777421951294;0.1;0.9
2;1.0994645357131958;0.1;0.9
2;1.3941963911056519;0.1;0.9
2;1.5083961486816406;0.1;0.9
2;1.3656829595565796;0.1;0.9
2;1.3468961715698242;0.1;0.9
2;1.6294012069702148;0.1;0.9
2;1.1797032356262207;0.1;0.9
2;1.7271783351898193;0.1;0.9
2;1.6552996635437012;0.1;0.9
2;1.5379937887191772;0.1;0.9
2;1.2539563179016113;0.1;0.9
2;1.6430268287658691;0.1;0.9
2;1.5085798501968384;0.1;0.9
2;1.3479368686676025;0.1;0.9
2;1.566471815109253;0.1;0.9
2;1.3831080198287964;0.1;0.9
2;1.4929288625717163;0.1;0.9
2;1.3377856016159058;0.1;0.9
2;1.3947491645812988;0.1;0.9
2;1.1571252346038818;0.1;0.9
2;1.4257131814956665;0.1;0.9
2;1.4886876344680786;0.1;0.9
2;1.4315294027328491;0.1;0.9
2;1.2905374765396118;0.1;0.9
2;1.424126386642456;0.1;0.9
2;1.2416812181472778;0.1;0.9
2;1.4039045572280884;0.1;0.9
2;1.44569730758667;0.1;0.9
2;1.3101346492767334;0.1;0.9
2;1.0574212074279785;0.1;0.9
2;1.0807313919067383;0.1;0.9
2;1.4734790325164795;0.1;0.9
2;1.2669498920440674;0.1;0.9
2;1.2023217678070068;0.1;0.9
2;0.9717684984207153;0.1;0.9
2;1.0450705289840698;0.1;0.9
2;1.2642332315444946;0.1;0.9
2;1.3068193197250366;0.1;0.9
2;1.23196542263031;0.1;0.9
2;1.2104506492614746;0.1;0.9
2;1.3044087886810303;0.1;0.9
2;1.1365779638290405;0.1;0.9
2;1.3460885286331177;0.1;0.9
2;1.342833399772644;0.1;0.9
2;1.4436732530593872;0.1;0.9
2;1.3055696487426758;0.1;0.9
2;1.4099986553192139;0.1;0.9
2;1.5515254735946655;0.1;0.9
2;1.3798624277114868;0.1;0.9
2;1.4003913402557373;0.1;0.9
2;1.1678537130355835;0.1;0.9
2;1.1196458339691162;0.1;0.9
2;1.1910163164138794;0.1;0.9
2;1.026594638824463;0.1;0.9
2;1.3212616443634033;0.1;0.9
2;1.4548949003219604;0.1;0.9
2;1.605437994003296;0.1;0.9
2;1.2269232273101807;0.1;0.9
2;1.3526138067245483;0.1;0.9
2;1.4184401035308838;0.1;0.9
2;1.407224178314209;0.1;0.9
2;1.22632896900177;0.1;0.9
2;1.2345352172851562;0.1;0.9
2;1.1206650733947754;0.1;0.9
2;1.3657974004745483;0.1;0.9
2;1.3856041431427002;0.1;0.9
2;1.4180471897125244;0.1;0.9
2;1.5382192134857178;0.1;0.9
2;1.6170766353607178;0.1;0.9
2;1.4647589921951294;0.1;0.9
2;1.3348233699798584;0.1;0.9
2;1.1810238361358643;0.1;0.9
2;1.4622610807418823;0.1;0.9
2;1.4363774061203003;0.1;0.9
2;1.2080761194229126;0.1;0.9
2;1.2994214296340942;0.1;0.9
2;1.4575830698013306;0.1;0.9
2;1.6084431409835815;0.1;0.9
2;1.0768018960952759;0.1;0.9
2;1.2119320631027222;0.1;0.9
2;1.1068509817123413;0.1;0.9
2;1.354898452758789;0.1;0.9
2;1.289873719215393;0.1;0.9
2;1.410719633102417;0.1;0.9
2;1.5196536779403687;0.1;0.9
2;1.2580363750457764;0.1;0.9
2;1.3948044776916504;0.1;0.9
2;1.2719008922576904;0.1;0.9
2;1.1540257930755615;0.1;0.9
2;1.1318070888519287;0.1;0.9
2;1.119744062423706;0.1;0.9
2;1.1807738542556763;0.1;0.9
2;1.584107518196106;0.1;0.9
2;1.5972259044647217;0.1;0.9
2;1.1804121732711792;0.1;0.9
2;1.301527500152588;0.1;0.9
2;1.4146238565444946;0.1;0.9
2;1.3318397998809814;0.1;0.9
2;1.415840983390808;0.1;0.9
2;1.2859020233154297;0.1;0.9
2;1.1985809803009033;0.1;0.9
2;1.2559539079666138;0.1;0.9
2;1.2479684352874756;0.1;0.9
2;1.443474531173706;0.1;0.9
2;1.5084872245788574;0.1;0.9
2;1.1200629472732544;0.1;0.9
2;1.3782105445861816;0.1;0.9
2;1.408249020576477;0.1;0.9
2;1.4023202657699585;0.1;0.9
2;1.2190093994140625;0.1;0.9
2;1.3664556741714478;0.1;0.9
2;1.3911067247390747;0.1;0.9
2;1.3859506845474243;0.1;0.9
2;1.5292099714279175;0.1;0.9
2;1.36847722530365;0.1;0.9
2;1.1579052209854126;0.1;0.9
2;1.2480154037475586;0.1;0.9
2;1.4289186000823975;0.1;0.9
2;1.4955487251281738;0.1;0.9
2;1.459316372871399;0.1;0.9
2;1.6322513818740845;0.1;0.9
2;1.427235722541809;0.1;0.9
2;1.4140669107437134;0.1;0.9
2;1.2371107339859009;0.1;0.9
2;1.3103535175323486;0.1;0.9
2;1.2675247192382812;0.1;0.9
2;1.2050869464874268;0.1;0.9
2;1.4773571491241455;0.1;0.9
2;1.4895621538162231;0.1;0.9
2;1.2108837366104126;0.1;0.9
2;1.2401777505874634;0.1;0.9
2;1.1882452964782715;0.1;0.9
2;1.3004423379898071;0.1;0.9
2;1.4349679946899414;0.1;0.9
2;1.347509503364563;0.1;0.9
2;1.5233418941497803;0.1;0.9
2;1.202772855758667;0.1;0.9
2;0.9398564100265503;0.1;0.9
2;1.3630986213684082;0.1;0.9
2;1.2152814865112305;0.1;0.9
2;1.0893357992172241;0.1;0.9
2;1.2343710660934448;0.1;0.9
2;1.2446656227111816;0.1;0.9
2;1.5329817533493042;0.1;0.9
2;1.1827633380889893;0.1;0.9
2;1.2952284812927246;0.1;0.9
2;1.3366776704788208;0.1;0.9
2;1.2449376583099365;0.1;0.9
2;1.1802383661270142;0.1;0.9
2;1.2603363990783691;0.1;0.9
2;1.0502681732177734;0.1;0.9
2;1.583060383796692;0.1;0.9
2;1.2449816465377808;0.1;0.9
2;1.150178074836731;0.1;0.9
2;1.5605589151382446;0.1;0.9
2;1.471645474433899;0.1;0.9
2;1.086782693862915;0.1;0.9
2;1.3956124782562256;0.1;0.9
2;1.1128512620925903;0.1;0.9
2;1.1763641834259033;0.1;0.9
2;1.3743577003479004;0.1;0.9
2;1.2832136154174805;0.1;0.9
2;1.5141746997833252;0.1;0.9
2;1.4255200624465942;0.1;0.9
2;1.0524295568466187;0.1;0.9
2;1.170052170753479;0.1;0.9
2;1.2886008024215698;0.1;0.9
2;1.0868403911590576;0.1;0.9
2;1.2297950983047485;0.1;0.9
2;1.195042610168457;0.1;0.9
2;1.3729513883590698;0.1;0.9
2;1.1179072856903076;0.1;0.9
2;1.0956733226776123;0.1;0.9
2;1.328497052192688;0.1;0.9
2;1.2917243242263794;0.1;0.9
2;1.582176685333252;0.1;0.9
2;1.4609202146530151;0.1;0.9
2;1.2318745851516724;0.1;0.9
2;1.700889229774475;0.1;0.9
2;1.5408674478530884;0.1;0.9
2;1.2662525177001953;0.1;0.9
2;1.271793246269226;0.1;0.9
2;1.2827626466751099;0.1;0.9
2;1.1568858623504639;0.1;0.9
2;1.2539361715316772;0.1;0.9
2;1.1959658861160278;0.1;0.9
2;1.2869881391525269;0.1;0.9
2;1.146320104598999;0.1;0.9
2;1.154477834701538;0.1;0.9
2;1.4577733278274536;0.1;0.9
2;1.1979594230651855;0.1;0.9
2;1.0104598999023438;0.1;0.9
2;1.1657828092575073;0.1;0.9
2;1.5095943212509155;0.1;0.9
2;1.1495578289031982;0.1;0.9
2;1.375666856765747;0.1;0.9
2;0.9397853016853333;0.1;0.9
2;1.2144827842712402;0.1;0.9
2;1.5236459970474243;0.1;0.9
2;1.3562313318252563;0.1;0.9
2;1.3017934560775757;0.1;0.9
2;1.1608076095581055;0.1;0.9
2;1.2356188297271729;0.1;0.9
2;1.1634413003921509;0.1;0.9
2;1.553444504737854;0.1;0.9
2;1.247286081314087;0.1;0.9
2;1.393302321434021;0.1;0.9
2;1.0852317810058594;0.1;0.9
2;1.3445640802383423;0.1;0.9
2;1.769774079322815;0.1;0.9
3;1.2440307140350342;0.1;0.9
3;1.1391756534576416;0.1;0.9
3;1.3298863172531128;0.1;0.9
3;0.9709421992301941;0.1;0.9
3;1.2320839166641235;0.1;0.9
3;1.3747527599334717;0.1;0.9
3;1.3258050680160522;0.1;0.9
3;1.332698941230774;0.1;0.9
3;1.1210877895355225;0.1;0.9
3;1.5093263387680054;0.1;0.9
3;1.6706757545471191;0.1;0.9
3;1.276259183883667;0.1;0.9
3;1.4045064449310303;0.1;0.9
3;1.4730265140533447;0.1;0.9
3;1.6146010160446167;0.1;0.9
3;1.2960679531097412;0.1;0.9
3;1.1880154609680176;0.1;0.9
3;1.1024689674377441;0.1;0.9
3;1.2308446168899536;0.1;0.9
3;1.2896943092346191;0.1;0.9
3;1.5567796230316162;0.1;0.9
3;1.2168245315551758;0.1;0.9
3;1.248255729675293;0.1;0.9
3;1.3488255739212036;0.1;0.9
3;1.2566548585891724;0.1;0.9
3;1.0850764513015747;0.1;0.9
3;1.411804437637329;0.1;0.9
3;1.1242748498916626;0.1;0.9
3;1.1983845233917236;0.1;0.9
3;1.176461100578308;0.1;0.9
3;1.4408800601959229;0.1;0.9
3;1.4838190078735352;0.1;0.9
3;1.119005799293518;0.1;0.9
3;1.2468032836914062;0.1;0.9
3;1.078556776046753;0.1;0.9
3;1.0953880548477173;0.1;0.9
3;1.335105061531067;0.1;0.9
3;1.2596855163574219;0.1;0.9
3;1.1183838844299316;0.1;0.9
3;1.2180992364883423;0.1;0.9
3;1.218097448348999;0.1;0.9
3;1.0837785005569458;0.1;0.9
3;1.2824879884719849;0.1;0.9
3;1.2728703022003174;0.1;0.9
3;1.0135135650634766;0.1;0.9
3;1.0348035097122192;0.1;0.9
3;1.3543224334716797;0.1;0.9
3;1.3968840837478638;0.1;0.9
3;1.3070409297943115;0.1;0.9
3;1.4850901365280151;0.1;0.9
3;1.1035414934158325;0.1;0.9
3;1.1633695363998413;0.1;0.9
3;1.2059457302093506;0.1;0.9
3;1.5736470222473145;0.1;0.9
3;1.2070341110229492;0.1;0.9
3;1.1046040058135986;0.1;0.9
3;1.4113539457321167;0.1;0.9
3;0.9097949266433716;0.1;0.9
3;1.0659171342849731;0.1;0.9
3;1.258095622062683;0.1;0.9
3;1.3794817924499512;0.1;0.9
3;1.303463339805603;0.1;0.9
3;1.2974965572357178;0.1;0.9
3;1.1693252325057983;0.1;0.9
3;1.2876858711242676;0.1;0.9
3;1.2862509489059448;0.1;0.9
3;1.2881399393081665;0.1;0.9
3;1.1795673370361328;0.1;0.9
3;0.9100266695022583;0.1;0.9
3;1.151748538017273;0.1;0.9
3;1.4020428657531738;0.1;0.9
3;0.9801337122917175;0.1;0.9
3;1.1256930828094482;0.1;0.9
3;1.2381621599197388;0.1;0.9
3;1.3425929546356201;0.1;0.9
3;1.4428175687789917;0.1;0.9
3;1.304539442062378;0.1;0.9
3;1.4713410139083862;0.1;0.9
3;1.1173726320266724;0.1;0.9
3;1.5123578310012817;0.1;0.9
3;1.4264657497406006;0.1;0.9
3;1.4128062725067139;0.1;0.9
3;1.3004730939865112;0.1;0.9
3;1.3593374490737915;0.1;0.9
3;1.3690099716186523;0.1;0.9
3;1.2949683666229248;0.1;0.9
3;1.2328370809555054;0.1;0.9
3;1.0313035249710083;0.1;0.9
3;1.324862003326416;0.1;0.9
3;1.2379153966903687;0.1;0.9
3;1.2710261344909668;0.1;0.9
3;1.2439016103744507;0.1;0.9
3;1.072472095489502;0.1;0.9
3;1.1700700521469116;0.1;0.9
3;1.2461117506027222;0.1;0.9
3;1.4092525243759155;0.1;0.9
3;1.0591713190078735;0.1;0.9
3;1.3773493766784668;0.1;0.9
3;1.257423758506775;0.1;0.9
3;1.219667673110962;0.1;0.9
3;1.17123544216156;0.1;0.9
3;1.2510616779327393;0.1;0.9
3;1.1562154293060303;0.1;0.9
3;1.2768594026565552;0.1;0.9
3;1.3543678522109985;0.1;0.9
3;1.0236533880233765;0.1;0.9
3;1.1093047857284546;0.1;0.9
3;1.448718786239624;0.1;0.9
3;1.1025691032409668;0.1;0.9
3;1.1343404054641724;0.1;0.9
3;1.3958699703216553;0.1;0.9
3;1.2111167907714844;0.1;0.9
3;1.1633585691452026;0.1;0.9
3;1.084640622138977;0.1;0.9
3;0.9864029288291931;0.1;0.9
3;1.5010637044906616;0.1;0.9
3;1.2859231233596802;0.1;0.9
3;1.1522212028503418;0.1;0.9
3;1.2456402778625488;0.1;0.9
3;1.4663764238357544;0.1;0.9
3;1.315460443496704;0.1;0.9
3;1.1507816314697266;0.1;0.9
3;1.3682360649108887;0.1;0.9
3;1.177275538444519;0.1;0.9
3;1.432158350944519;0.1;0.9
3;1.19972562789917;0.1;0.9
3;1.2415814399719238;0.1;0.9
3;1.164030909538269;0.1;0.9
3;1.3779851198196411;0.1;0.9
3;1.1520978212356567;0.1;0.9
3;1.2939172983169556;0.1;0.9
3;1.2275614738464355;0.1;0.9
3;1.4553483724594116;0.1;0.9
3;1.1099493503570557;0.1;0.9
3;1.2260384559631348;0.1;0.9
3;1.060947299003601;0.1;0.9
3;1.324937105178833;0.1;0.9
3;1.3124678134918213;0.1;0.9
3;1.2694472074508667;0.1;0.9
3;1.4593477249145508;0.1;0.9
3;1.5605601072311401;0.1;0.9
3;1.4516407251358032;0.1;0.9
3;1.2208082675933838;0.1;0.9
3;1.3035917282104492;0.1;0.9
3;1.1857671737670898;0.1;0.9
3;1.1117993593215942;0.1;0.9
3;1.135898232460022;0.1;0.9
3;1.5132137537002563;0.1;0.9
3;1.1231701374053955;0.1;0.9
3;1.1777544021606445;0.1;0.9
3;1.1942529678344727;0.1;0.9
3;1.3079566955566406;0.1;0.9
3;1.3700562715530396;0.1;0.9
3;1.173975944519043;0.1;0.9
3;1.24531888961792;0.1;0.9
3;1.183225393295288;0.1;0.9
3;1.2883329391479492;0.1;0.9
3;1.0990173816680908;0.1;0.9
3;1.3184919357299805;0.1;0.9
3;1.4420017004013062;0.1;0.9
3;1.3402595520019531;0.1;0.9
3;1.0592435598373413;0.1;0.9
3;1.5198901891708374;0.1;0.9
3;1.4416371583938599;0.1;0.9
3;1.2427988052368164;0.1;0.9
3;1.4183073043823242;0.1;0.9
3;1.192547082901001;0.1;0.9
3;1.1966814994812012;0.1;0.9
3;1.1530351638793945;0.1;0.9
3;1.1783250570297241;0.1;0.9
3;1.4845870733261108;0.1;0.9
3;1.0784679651260376;0.1;0.9
3;1.4710054397583008;0.1;0.9
3;1.4789155721664429;0.1;0.9
3;1.0534204244613647;0.1;0.9
3;1.1924755573272705;0.1;0.9
3;1.086807370185852;0.1;0.9
3;1.274996280670166;0.1;0.9
3;1.243973970413208;0.1;0.9
3;1.168882131576538;0.1;0.9
3;1.0440735816955566;0.1;0.9
3;1.0618335008621216;0.1;0.9
3;1.0432935953140259;0.1;0.9
3;1.2547907829284668;0.1;0.9
3;1.2587811946868896;0.1;0.9
3;1.4037750959396362;0.1;0.9
3;1.1381875276565552;0.1;0.9
3;1.376282811164856;0.1;0.9
3;1.1034096479415894;0.1;0.9
3;1.258238673210144;0.1;0.9
3;1.0544955730438232;0.1;0.9
3;1.1412301063537598;0.1;0.9
3;1.4898234605789185;0.1;0.9
3;1.0821367502212524;0.1;0.9
3;1.1296919584274292;0.1;0.9
3;1.239103078842163;0.1;0.9
3;1.188605546951294;0.1;0.9
3;1.1921688318252563;0.1;0.9
3;1.244577169418335;0.1;0.9
3;1.2876139879226685;0.1;0.9
3;0.9794567823410034;0.1;0.9
3;1.30959153175354;0.1;0.9
3;1.0745145082473755;0.1;0.9
3;1.2977479696273804;0.1;0.9
3;1.0880341529846191;0.1;0.9
3;1.3712407350540161;0.1;0.9
3;1.0104354619979858;0.1;0.9
3;1.4166828393936157;0.1;0.9
3;1.0620321035385132;0.1;0.9
3;1.4978508949279785;0.1;0.9
3;1.1177862882614136;0.1;0.9
3;1.2321648597717285;0.1;0.9
3;1.172372817993164;0.1;0.9
3;1.2606444358825684;0.1;0.9
3;1.2734004259109497;0.1;0.9
3;1.266034483909607;0.1;0.9
3;1.1116315126419067;0.1;0.9
3;1.226613163948059;0.1;0.9
3;1.042494297027588;0.1;0.9
3;1.3396053314208984;0.1;0.9
3;1.2052453756332397;0.1;0.9
3;1.3666112422943115;0.1;0.9
3;1.3171361684799194;0.1;0.9
3;1.3202099800109863;0.1;0.9
3;1.2062960863113403;0.1;0.9
3;1.3759642839431763;0.1;0.9
3;1.1313540935516357;0.1;0.9
3;1.119515061378479;0.1;0.9
3;1.1532132625579834;0.1;0.9
3;1.351095199584961;0.1;0.9
3;1.2830007076263428;0.1;0.9
3;1.2672547101974487;0.1;0.9
3;1.1407380104064941;0.1;0.9
3;1.4380500316619873;0.1;0.9
3;1.1752184629440308;0.1;0.9
3;1.512299656867981;0.1;0.9
3;1.2762144804000854;0.1;0.9
3;1.3031165599822998;0.1;0.9
3;1.2189340591430664;0.1;0.9
3;1.1029646396636963;0.1;0.9
3;1.2159568071365356;0.1;0.9
3;1.1630516052246094;0.1;0.9
3;1.3883147239685059;0.1;0.9
3;1.267230749130249;0.1;0.9
3;1.2480542659759521;0.1;0.9
3;1.441890835762024;0.1;0.9
3;1.1370948553085327;0.1;0.9
3;1.1208971738815308;0.1;0.9
3;1.287025809288025;0.1;0.9
3;1.461193323135376;0.1;0.9
3;1.2626713514328003;0.1;0.9
3;1.1978867053985596;0.1;0.9
3;1.2439932823181152;0.1;0.9
3;1.1537678241729736;0.1;0.9
3;1.3477575778961182;0.1;0.9
3;1.1054424047470093;0.1;0.9
3;1.41510808467865;0.1;0.9
3;1.198474407196045;0.1;0.9
3;1.2730010747909546;0.1;0.9
3;1.1821701526641846;0.1;0.9
3;1.2553462982177734;0.1;0.9
3;1.1954972743988037;0.1;0.9
3;1.114509105682373;0.1;0.9
3;1.4227384328842163;0.1;0.9
3;0.9110350012779236;0.1;0.9
3;1.1659398078918457;0.1;0.9
3;1.1824573278427124;0.1;0.9
3;1.1706764698028564;0.1;0.9
3;1.10617196559906;0.1;0.9
3;1.2211854457855225;0.1;0.9
3;1.1102430820465088;0.1;0.9
3;1.186973214149475;0.1;0.9
3;1.1108880043029785;0.1;0.9
3;1.2688548564910889;0.1;0.9
3;1.247583031654358;0.1;0.9
3;1.2651927471160889;0.1;0.9
3;1.5204062461853027;0.1;0.9
3;1.3811701536178589;0.1;0.9
3;1.1992393732070923;0.1;0.9
3;0.9693184494972229;0.1;0.9
3;1.230568289756775;0.1;0.9
3;1.4620369672775269;0.1;0.9
3;1.0136305093765259;0.1;0.9
3;1.1518809795379639;0.1;0.9
3;1.3513634204864502;0.1;0.9
3;1.0329099893569946;0.1;0.9
3;1.102744698524475;0.1;0.9
3;1.2220783233642578;0.1;0.9
3;1.4369839429855347;0.1;0.9
3;1.0657609701156616;0.1;0.9
3;1.2365009784698486;0.1;0.9
3;1.1790258884429932;0.1;0.9
3;1.0668765306472778;0.1;0.9
3;1.0163100957870483;0.1;0.9
3;1.0791434049606323;0.1;0.9
3;1.0619655847549438;0.1;0.9
3;1.404971718788147;0.1;0.9
3;1.1809877157211304;0.1;0.9
3;1.1004785299301147;0.1;0.9
3;1.2030422687530518;0.1;0.9
3;1.20993971824646;0.1;0.9
3;1.0902003049850464;0.1;0.9
3;1.1055107116699219;0.1;0.9
3;1.024585247039795;0.1;0.9
3;1.2013357877731323;0.1;0.9
3;1.4532604217529297;0.1;0.9
3;1.1461809873580933;0.1;0.9
3;1.2798523902893066;0.1;0.9
3;1.285286545753479;0.1;0.9
3;1.13455331325531;0.1;0.9
3;1.1859331130981445;0.1;0.9
3;1.2266454696655273;0.1;0.9
3;1.425028681755066;0.1;0.9
3;1.3183002471923828;0.1;0.9
3;1.2692333459854126;0.1;0.9
3;1.0926954746246338;0.1;0.9
3;1.2881057262420654;0.1;0.9
3;1.4325587749481201;0.1;0.9
3;1.3061798810958862;0.1;0.9
3;1.3493565320968628;0.1;0.9
3;1.4215519428253174;0.1;0.9
3;1.1500957012176514;0.1;0.9
3;1.1473791599273682;0.1;0.9
3;1.230118989944458;0.1;0.9
3;1.1819480657577515;0.1;0.9
3;1.05692458152771;0.1;0.9
3;0.9984243512153625;0.1;0.9
3;1.1686711311340332;0.1;0.9
3;1.3347663879394531;0.1;0.9
3;1.1677976846694946;0.1;0.9
3;0.8910285234451294;0.1;0.9
3;1.040954351425171;0.1;0.9
3;1.230394959449768;0.1;0.9
3;1.219704508781433;0.1;0.9
3;1.3179670572280884;0.1;0.9
3;1.2536633014678955;0.1;0.9
3;1.2644392251968384;0.1;0.9
3;0.9565912485122681;0.1;0.9
3;1.13245689868927;0.1;0.9
3;1.0767796039581299;0.1;0.9
3;1.277016282081604;0.1;0.9
3;1.1532578468322754;0.1;0.9
3;1.1743519306182861;0.1;0.9
3;1.0939396619796753;0.1;0.9
3;1.3311423063278198;0.1;0.9
3;1.0958693027496338;0.1;0.9
3;1.1366511583328247;0.1;0.9
3;1.2660647630691528;0.1;0.9
3;1.1800774335861206;0.1;0.9
3;1.3252426385879517;0.1;0.9
3;1.2499819993972778;0.1;0.9
3;1.3655273914337158;0.1;0.9
3;1.0730820894241333;0.1;0.9
3;1.4228148460388184;0.1;0.9
3;1.1815818548202515;0.1;0.9
3;1.114369511604309;0.1;0.9
3;1.3730767965316772;0.1;0.9
3;1.1927118301391602;0.1;0.9
3;1.1633362770080566;0.1;0.9
3;1.2732981443405151;0.1;0.9
3;1.1755343675613403;0.1;0.9
3;0.8676707744598389;0.1;0.9
3;1.267946481704712;0.1;0.9
3;1.203389286994934;0.1;0.9
3;0.9339482188224792;0.1;0.9
3;1.0443851947784424;0.1;0.9
3;1.3164433240890503;0.1;0.9
3;1.1217595338821411;0.1;0.9
3;1.0569090843200684;0.1;0.9
3;1.3525686264038086;0.1;0.9
3;0.9059972167015076;0.1;0.9
3;1.2791094779968262;0.1;0.9
3;1.195777416229248;0.1;0.9
3;1.1004455089569092;0.1;0.9
3;1.197890043258667;0.1;0.9
3;1.0290309190750122;0.1;0.9
3;1.2532930374145508;0.1;0.9
3;1.1770362854003906;0.1;0.9
3;1.1460049152374268;0.1;0.9
3;1.0566034317016602;0.1;0.9
3;1.2151771783828735;0.1;0.9
3;0.9265146255493164;0.1;0.9
3;1.3085057735443115;0.1;0.9
3;1.0430412292480469;0.1;0.9
3;0.9877050518989563;0.1;0.9
3;1.0761573314666748;0.1;0.9
3;1.3659186363220215;0.1;0.9
3;1.5838744640350342;0.1;0.9
3;1.317733645439148;0.1;0.9
3;1.1092679500579834;0.1;0.9
3;1.0856554508209229;0.1;0.9
3;0.9389374852180481;0.1;0.9
3;1.2387378215789795;0.1;0.9
3;1.3214274644851685;0.1;0.9
3;1.3720732927322388;0.1;0.9
3;1.2624046802520752;0.1;0.9
3;1.0972294807434082;0.1;0.9
3;1.4364176988601685;0.1;0.9
3;1.1154989004135132;0.1;0.9
3;1.0110118389129639;0.1;0.9
3;1.186518907546997;0.1;0.9
3;1.3468023538589478;0.1;0.9
3;1.1124085187911987;0.1;0.9
3;1.1076385974884033;0.1;0.9
3;1.1870999336242676;0.1;0.9
3;1.1466474533081055;0.1;0.9
3;1.1530309915542603;0.1;0.9
3;0.9357792139053345;0.1;0.9
3;1.022756814956665;0.1;0.9
3;0.9523831605911255;0.1;0.9
3;1.2837128639221191;0.1;0.9
3;0.9901783466339111;0.1;0.9
3;1.1823612451553345;0.1;0.9
3;1.2624783515930176;0.1;0.9
3;1.2096097469329834;0.1;0.9
3;1.0583158731460571;0.1;0.9
3;1.1604689359664917;0.1;0.9
3;1.1748335361480713;0.1;0.9
3;1.2145262956619263;0.1;0.9
3;1.2916604280471802;0.1;0.9
3;1.3362846374511719;0.1;0.9
3;1.2708357572555542;0.1;0.9
3;1.2941920757293701;0.1;0.9
3;1.2421653270721436;0.1;0.9
3;1.0581586360931396;0.1;0.9
3;1.1169756650924683;0.1;0.9
